sales_person,country,product,date,amount,boxes_shipped,year,quarter,month,month_name,day_name,season
Jehu Rudeforth,UK,Mint Chip Choco,2022-01-04,5320,180,2022,1,1,January,Tuesday,winter
Van Tuxwell,India,85% Dark Bars,2022-08-01,7896,94,2022,3,8,August,Monday,summer
Gigi Bohling,India,Peanut Butter Cubes,2022-07-07,4501,91,2022,3,7,July,Thursday,summer
Jan Morforth,Australia,Peanut Butter Cubes,2022-04-27,12726,342,2022,2,4,April,Wednesday,spring
Jehu Rudeforth,UK,Peanut Butter Cubes,2022-02-24,13685,184,2022,1,2,February,Thursday,winter
Van Tuxwell,India,Smooth Sliky Salty,2022-06-06,5376,38,2022,2,6,June,Monday,summer
Oby Sorrel,UK,99% Dark & Pure,2022-01-25,13685,176,2022,1,1,January,Tuesday,winter
Gunar Cockshoot,Australia,After Nines,2022-03-24,3080,73,2022,1,3,March,Thursday,spring
Jehu Rudeforth,New Zealand,50% Dark Bites,2022-04-20,3990,59,2022,2,4,April,Wednesday,spring
Brien Boise,Australia,99% Dark & Pure,2022-07-04,2835,102,2022,3,7,July,Monday,summer
Rafaelita Blaksland,UK,Smooth Sliky Salty,2022-01-13,4704,62,2022,1,1,January,Thursday,winter
Barr Faughny,USA,Orange Choco,2022-03-10,3703,11,2022,1,3,March,Thursday,spring
Mallorie Waber,Canada,Eclairs,2022-01-13,1442,286,2022,1,1,January,Thursday,winter
Karlen McCaffrey,New Zealand,Drinking Coco,2022-07-28,168,156,2022,3,7,July,Thursday,summer
Marney O'Breen,New Zealand,Peanut Butter Cubes,2022-08-03,8379,173,2022,3,8,August,Wednesday,summer
Beverie Moffet,Australia,Organic Choco Syrup,2022-01-26,6790,356,2022,1,1,January,Wednesday,winter
Van Tuxwell,Canada,Organic Choco Syrup,2022-02-14,4067,42,2022,1,2,February,Monday,winter
Roddy Speechley,USA,Smooth Sliky Salty,2022-04-05,3017,140,2022,2,4,April,Tuesday,spring
Beverie Moffet,Canada,Milk Bars,2022-02-16,8799,250,2022,1,2,February,Wednesday,winter
Curtice Advani,UK,85% Dark Bars,2022-06-08,1085,172,2022,2,6,June,Wednesday,summer
Brien Boise,Australia,Eclairs,2022-06-27,6888,88,2022,2,6,June,Monday,summer
Gunar Cockshoot,USA,Spicy Special Slims,2022-02-17,1267,157,2022,1,2,February,Thursday,winter
Marney O'Breen,USA,After Nines,2022-05-30,4753,163,2022,2,5,May,Monday,spring
Husein Augar,UK,Drinking Coco,2022-03-14,3003,113,2022,1,3,March,Monday,spring
Kaine Padly,Australia,Eclairs,2022-02-28,7672,115,2022,1,2,February,Monday,winter
Karlen McCaffrey,India,Fruit & Nut Bars,2022-01-26,168,321,2022,1,1,January,Wednesday,winter
Roddy Speechley,Canada,Spicy Special Slims,2022-02-09,1652,186,2022,1,2,February,Wednesday,winter
Husein Augar,USA,Eclairs,2022-07-07,4025,112,2022,3,7,July,Thursday,summer
Dennison Crosswaite,New Zealand,White Choc,2022-07-05,9492,151,2022,3,7,July,Tuesday,summer
Dennison Crosswaite,New Zealand,Manuka Honey Choco,2022-06-15,5061,301,2022,2,6,June,Wednesday,summer
Van Tuxwell,New Zealand,85% Dark Bars,2022-05-24,1722,121,2022,2,5,May,Tuesday,spring
Rafaelita Blaksland,UK,99% Dark & Pure,2022-06-29,12446,150,2022,2,6,June,Wednesday,summer
Wilone O'Kielt,Australia,Manuka Honey Choco,2022-05-11,4284,94,2022,2,5,May,Wednesday,spring
Karlen McCaffrey,UK,Almond Choco,2022-06-30,6839,133,2022,2,6,June,Thursday,summer
Andria Kimpton,Canada,After Nines,2022-05-11,2163,70,2022,2,5,May,Wednesday,spring
Roddy Speechley,USA,Manuka Honey Choco,2022-07-22,9583,315,2022,3,7,July,Friday,summer
Andria Kimpton,UK,50% Dark Bites,2022-08-24,2653,314,2022,3,8,August,Wednesday,summer
Kelci Walkden,New Zealand,After Nines,2022-07-07,147,72,2022,3,7,July,Thursday,summer
Camilla Castle,Australia,85% Dark Bars,2022-05-19,3654,14,2022,2,5,May,Thursday,spring
Karlen McCaffrey,India,Manuka Honey Choco,2022-07-04,2443,581,2022,3,7,July,Monday,summer
Kelci Walkden,USA,After Nines,2022-06-02,938,16,2022,2,6,June,Thursday,summer
Karlen McCaffrey,USA,Raspberry Choco,2022-04-15,14749,354,2022,2,4,April,Friday,spring
Mallorie Waber,Canada,Choco Coated Almonds,2022-07-11,4781,241,2022,3,7,July,Monday,summer
Andria Kimpton,India,Spicy Special Slims,2022-02-23,6307,142,2022,1,2,February,Wednesday,winter
Madelene Upcott,Canada,Almond Choco,2022-08-22,7602,102,2022,3,8,August,Monday,summer
Kaine Padly,USA,Peanut Butter Cubes,2022-02-16,6790,188,2022,1,2,February,Wednesday,winter
Van Tuxwell,USA,50% Dark Bites,2022-01-13,9737,160,2022,1,1,January,Thursday,winter
Curtice Advani,Australia,Milk Bars,2022-02-14,6979,18,2022,1,2,February,Monday,winter
Roddy Speechley,India,Eclairs,2022-06-10,4382,303,2022,2,6,June,Friday,summer
Curtice Advani,India,Fruit & Nut Bars,2022-07-07,5243,176,2022,3,7,July,Thursday,summer
Curtice Advani,Canada,Almond Choco,2022-03-24,4865,70,2022,1,3,March,Thursday,spring
Brien Boise,Australia,Fruit & Nut Bars,2022-06-06,8575,23,2022,2,6,June,Monday,summer
Dotty Strutley,Australia,Drinking Coco,2022-07-19,91,135,2022,3,7,July,Tuesday,summer
Beverie Moffet,USA,Raspberry Choco,2022-04-19,14798,83,2022,2,4,April,Tuesday,spring
Marney O'Breen,India,85% Dark Bars,2022-07-19,2205,179,2022,3,7,July,Tuesday,summer
Jehu Rudeforth,Canada,Drinking Coco,2022-07-15,441,24,2022,3,7,July,Friday,summer
Ches Bonnell,New Zealand,Spicy Special Slims,2022-02-14,3556,18,2022,1,2,February,Monday,winter
Brien Boise,Canada,99% Dark & Pure,2022-05-18,16793,416,2022,2,5,May,Wednesday,spring
Barr Faughny,Australia,Fruit & Nut Bars,2022-06-30,15421,55,2022,2,6,June,Thursday,summer
Andria Kimpton,Australia,50% Dark Bites,2022-06-02,4438,227,2022,2,6,June,Thursday,summer
Andria Kimpton,Australia,Drinking Coco,2022-06-28,1603,48,2022,2,6,June,Tuesday,summer
Marney O'Breen,Australia,Organic Choco Syrup,2022-05-16,273,174,2022,2,5,May,Monday,spring
Kelci Walkden,Canada,Baker's Choco Chips,2022-05-26,3073,302,2022,2,5,May,Thursday,spring
Karlen McCaffrey,India,Almond Choco,2022-07-06,6090,149,2022,3,7,July,Wednesday,summer
Oby Sorrel,India,99% Dark & Pure,2022-05-27,10255,11,2022,2,5,May,Friday,spring
Wilone O'Kielt,Australia,Caramel Stuffed Bars,2022-04-14,2030,11,2022,2,4,April,Thursday,spring
Van Tuxwell,Australia,Organic Choco Syrup,2022-08-10,19453,14,2022,3,8,August,Wednesday,summer
Camilla Castle,India,50% Dark Bites,2022-07-04,9275,411,2022,3,7,July,Monday,summer
Oby Sorrel,India,Organic Choco Syrup,2022-07-08,6181,56,2022,3,7,July,Friday,summer
Jan Morforth,USA,Peanut Butter Cubes,2022-07-22,9037,102,2022,3,7,July,Friday,summer
Gigi Bohling,USA,Choco Coated Almonds,2022-03-02,12313,103,2022,1,3,March,Wednesday,spring
Gigi Bohling,UK,Almond Choco,2022-01-10,5642,9,2022,1,1,January,Monday,winter
Jehu Rudeforth,New Zealand,White Choc,2022-03-11,2800,241,2022,1,3,March,Friday,spring
Andria Kimpton,New Zealand,Peanut Butter Cubes,2022-06-20,959,265,2022,2,6,June,Monday,summer
Van Tuxwell,UK,Organic Choco Syrup,2022-08-26,2002,214,2022,3,8,August,Friday,summer
Roddy Speechley,Canada,Milk Bars,2022-07-13,609,32,2022,3,7,July,Wednesday,summer
Camilla Castle,USA,Spicy Special Slims,2022-02-11,1274,244,2022,1,2,February,Friday,winter
Marney O'Breen,USA,Orange Choco,2022-01-27,7595,181,2022,1,1,January,Thursday,winter
Van Tuxwell,UK,99% Dark & Pure,2022-01-31,4725,137,2022,1,1,January,Monday,winter
Camilla Castle,USA,White Choc,2022-08-18,9681,24,2022,3,8,August,Thursday,summer
Andria Kimpton,USA,Raspberry Choco,2022-06-30,14504,21,2022,2,6,June,Thursday,summer
Dotty Strutley,Australia,Fruit & Nut Bars,2022-08-23,280,311,2022,3,8,August,Tuesday,summer
Brien Boise,New Zealand,Mint Chip Choco,2022-08-01,63,181,2022,3,8,August,Monday,summer
Roddy Speechley,New Zealand,After Nines,2022-05-25,8001,10,2022,2,5,May,Wednesday,spring
Roddy Speechley,Canada,Organic Choco Syrup,2022-01-10,4032,82,2022,1,1,January,Monday,winter
Dennison Crosswaite,Australia,70% Dark Bites,2022-02-07,5859,108,2022,1,2,February,Monday,winter
Karlen McCaffrey,USA,Orange Choco,2022-05-12,11095,401,2022,2,5,May,Thursday,spring
Madelene Upcott,Australia,Spicy Special Slims,2022-03-07,7182,408,2022,1,3,March,Monday,spring
Dennison Crosswaite,Australia,85% Dark Bars,2022-04-05,6881,420,2022,2,4,April,Tuesday,spring
Andria Kimpton,Canada,Caramel Stuffed Bars,2022-01-03,7154,348,2022,1,1,January,Monday,winter
Dennison Crosswaite,UK,Eclairs,2022-03-24,6188,270,2022,1,3,March,Thursday,spring
Madelene Upcott,India,Raspberry Choco,2022-07-07,4221,9,2022,3,7,July,Thursday,summer
Van Tuxwell,USA,After Nines,2022-07-26,630,264,2022,3,7,July,Tuesday,summer
Wilone O'Kielt,Australia,Organic Choco Syrup,2022-07-07,1743,111,2022,3,7,July,Thursday,summer
Karlen McCaffrey,Canada,50% Dark Bites,2022-07-15,2919,65,2022,3,7,July,Friday,summer
Roddy Speechley,New Zealand,Orange Choco,2022-04-01,49,97,2022,2,4,April,Friday,spring
Beverie Moffet,Australia,Eclairs,2022-06-20,1827,6,2022,2,6,June,Monday,summer
Kelci Walkden,UK,Fruit & Nut Bars,2022-06-29,13006,482,2022,2,6,June,Wednesday,summer
Marney O'Breen,USA,50% Dark Bites,2022-06-15,1064,106,2022,2,6,June,Wednesday,summer
Husein Augar,USA,After Nines,2022-04-08,11571,180,2022,2,4,April,Friday,spring
Dennison Crosswaite,Australia,Raspberry Choco,2022-03-14,5740,31,2022,1,3,March,Monday,spring
Andria Kimpton,USA,Fruit & Nut Bars,2022-07-15,1456,359,2022,3,7,July,Friday,summer
Kelci Walkden,India,Eclairs,2022-04-19,5334,80,2022,2,4,April,Tuesday,spring
Marney O'Breen,USA,99% Dark & Pure,2022-03-28,4151,296,2022,1,3,March,Monday,spring
Brien Boise,Canada,Spicy Special Slims,2022-03-04,8106,101,2022,1,3,March,Friday,spring
Karlen McCaffrey,New Zealand,70% Dark Bites,2022-08-02,126,40,2022,3,8,August,Tuesday,summer
Husein Augar,UK,Spicy Special Slims,2022-08-25,4697,42,2022,3,8,August,Thursday,summer
Marney O'Breen,USA,Almond Choco,2022-02-25,7798,167,2022,1,2,February,Friday,winter
Kelci Walkden,India,Orange Choco,2022-06-07,9408,138,2022,2,6,June,Tuesday,summer
Jan Morforth,India,Spicy Special Slims,2022-04-12,1939,520,2022,2,4,April,Tuesday,spring
Ches Bonnell,India,Spicy Special Slims,2022-07-06,10906,94,2022,3,7,July,Wednesday,summer
Kelci Walkden,UK,Smooth Sliky Salty,2022-01-19,5929,175,2022,1,1,January,Wednesday,winter
Madelene Upcott,Australia,Fruit & Nut Bars,2022-01-05,5579,92,2022,1,1,January,Wednesday,winter
Madelene Upcott,Canada,70% Dark Bites,2022-01-24,10927,141,2022,1,1,January,Monday,winter
Wilone O'Kielt,Australia,Drinking Coco,2022-04-06,623,283,2022,2,4,April,Wednesday,spring
Gunar Cockshoot,Australia,Fruit & Nut Bars,2022-06-15,6013,21,2022,2,6,June,Wednesday,summer
Gigi Bohling,Canada,Baker's Choco Chips,2022-01-28,1505,47,2022,1,1,January,Friday,winter
Kelci Walkden,India,Caramel Stuffed Bars,2022-03-16,476,125,2022,1,3,March,Wednesday,spring
Rafaelita Blaksland,Australia,Drinking Coco,2022-02-21,11550,396,2022,1,2,February,Monday,winter
Kelci Walkden,USA,Manuka Honey Choco,2022-02-16,17318,87,2022,1,2,February,Wednesday,winter
Jehu Rudeforth,Canada,Spicy Special Slims,2022-01-13,1848,27,2022,1,1,January,Thursday,winter
Kelci Walkden,Australia,Eclairs,2022-03-23,7273,547,2022,1,3,March,Wednesday,spring
Curtice Advani,Canada,Spicy Special Slims,2022-06-16,854,118,2022,2,6,June,Thursday,summer
Oby Sorrel,India,Raspberry Choco,2022-04-14,6832,46,2022,2,4,April,Thursday,spring
Kelci Walkden,UK,Eclairs,2022-01-25,4606,57,2022,1,1,January,Tuesday,winter
Jan Morforth,India,Almond Choco,2022-03-11,4466,22,2022,1,3,March,Friday,spring
Dotty Strutley,UK,Almond Choco,2022-07-28,16114,96,2022,3,7,July,Thursday,summer
Marney O'Breen,New Zealand,After Nines,2022-03-09,1561,44,2022,1,3,March,Wednesday,spring
Husein Augar,Australia,Orange Choco,2022-06-28,8897,188,2022,2,6,June,Tuesday,summer
Marney O'Breen,Australia,Milk Bars,2022-07-28,2464,387,2022,3,7,July,Thursday,summer
Kelci Walkden,Canada,99% Dark & Pure,2022-08-15,4830,50,2022,3,8,August,Monday,summer
Kaine Padly,Australia,Manuka Honey Choco,2022-01-12,2765,264,2022,1,1,January,Wednesday,winter
Beverie Moffet,New Zealand,White Choc,2022-03-24,7126,7,2022,1,3,March,Thursday,spring
Van Tuxwell,UK,Milk Bars,2022-07-25,4263,90,2022,3,7,July,Monday,summer
Oby Sorrel,Canada,99% Dark & Pure,2022-08-01,3605,403,2022,3,8,August,Monday,summer
Van Tuxwell,India,Organic Choco Syrup,2022-05-16,19929,174,2022,2,5,May,Monday,spring
Roddy Speechley,India,Smooth Sliky Salty,2022-08-10,5103,140,2022,3,8,August,Wednesday,summer
Jan Morforth,India,Eclairs,2022-01-05,2541,27,2022,1,1,January,Wednesday,winter
Ches Bonnell,UK,Smooth Sliky Salty,2022-07-11,5663,110,2022,3,7,July,Monday,summer
Wilone O'Kielt,USA,After Nines,2022-04-25,392,30,2022,2,4,April,Monday,spring
Gigi Bohling,New Zealand,Fruit & Nut Bars,2022-04-04,10976,121,2022,2,4,April,Monday,spring
Barr Faughny,USA,Raspberry Choco,2022-04-12,9282,101,2022,2,4,April,Tuesday,spring
Wilone O'Kielt,New Zealand,85% Dark Bars,2022-08-02,1827,117,2022,3,8,August,Tuesday,summer
Gigi Bohling,New Zealand,Manuka Honey Choco,2022-06-28,8267,272,2022,2,6,June,Tuesday,summer
Ches Bonnell,Australia,Eclairs,2022-07-05,4116,128,2022,3,7,July,Tuesday,summer
Rafaelita Blaksland,New Zealand,Choco Coated Almonds,2022-06-07,2093,45,2022,2,6,June,Tuesday,summer
Brien Boise,New Zealand,Smooth Sliky Salty,2022-01-18,1015,27,2022,1,1,January,Tuesday,winter
Brien Boise,Australia,Baker's Choco Chips,2022-01-04,12516,212,2022,1,1,January,Tuesday,winter
Dennison Crosswaite,Australia,99% Dark & Pure,2022-01-31,2758,18,2022,1,1,January,Monday,winter
Kelci Walkden,India,Almond Choco,2022-03-14,3297,149,2022,1,3,March,Monday,spring
Camilla Castle,Australia,70% Dark Bites,2022-04-29,6048,477,2022,2,4,April,Friday,spring
Oby Sorrel,India,Smooth Sliky Salty,2022-02-07,10101,108,2022,1,2,February,Monday,winter
Kaine Padly,UK,Organic Choco Syrup,2022-03-31,2282,178,2022,1,3,March,Thursday,spring
Marney O'Breen,India,Caramel Stuffed Bars,2022-03-16,4361,81,2022,1,3,March,Wednesday,spring
Karlen McCaffrey,UK,Eclairs,2022-01-25,7798,196,2022,1,1,January,Tuesday,winter
Van Tuxwell,India,Baker's Choco Chips,2022-06-20,3052,447,2022,2,6,June,Monday,summer
Gigi Bohling,UK,After Nines,2022-03-29,8029,175,2022,1,3,March,Tuesday,spring
Curtice Advani,Australia,Orange Choco,2022-07-12,854,136,2022,3,7,July,Tuesday,summer
Jehu Rudeforth,Canada,Smooth Sliky Salty,2022-07-11,5460,138,2022,3,7,July,Monday,summer
Karlen McCaffrey,Canada,Smooth Sliky Salty,2022-01-19,3017,184,2022,1,1,January,Wednesday,winter
Andria Kimpton,USA,85% Dark Bars,2022-04-05,8911,82,2022,2,4,April,Tuesday,spring
Jehu Rudeforth,Canada,Milk Bars,2022-02-21,7203,12,2022,1,2,February,Monday,winter
Rafaelita Blaksland,New Zealand,Caramel Stuffed Bars,2022-05-20,13083,14,2022,2,5,May,Friday,spring
Mallorie Waber,Australia,Milk Bars,2022-07-29,2779,104,2022,3,7,July,Friday,summer
Barr Faughny,USA,Fruit & Nut Bars,2022-01-28,9058,46,2022,1,1,January,Friday,winter
Marney O'Breen,UK,Caramel Stuffed Bars,2022-07-19,3549,112,2022,3,7,July,Tuesday,summer
Mallorie Waber,New Zealand,Manuka Honey Choco,2022-04-13,9436,11,2022,2,4,April,Wednesday,spring
Roddy Speechley,India,Peanut Butter Cubes,2022-02-11,10283,21,2022,1,2,February,Friday,winter
Roddy Speechley,New Zealand,Milk Bars,2022-03-02,5446,116,2022,1,3,March,Wednesday,spring
Ches Bonnell,Australia,White Choc,2022-03-02,1043,202,2022,1,3,March,Wednesday,spring
Van Tuxwell,USA,99% Dark & Pure,2022-07-28,12586,6,2022,3,7,July,Thursday,summer
Kelci Walkden,India,After Nines,2022-01-07,1687,520,2022,1,1,January,Friday,winter
Brien Boise,UK,White Choc,2022-04-12,5299,167,2022,2,4,April,Tuesday,spring
Van Tuxwell,Canada,Almond Choco,2022-06-27,3213,72,2022,2,6,June,Monday,summer
Jehu Rudeforth,Australia,50% Dark Bites,2022-01-14,5194,418,2022,1,1,January,Friday,winter
Karlen McCaffrey,UK,Baker's Choco Chips,2022-02-07,4753,389,2022,1,2,February,Monday,winter
Jehu Rudeforth,Australia,Orange Choco,2022-03-23,13706,26,2022,1,3,March,Wednesday,spring
Marney O'Breen,India,Peanut Butter Cubes,2022-01-10,6489,146,2022,1,1,January,Monday,winter
Oby Sorrel,UK,Choco Coated Almonds,2022-03-17,9324,41,2022,1,3,March,Thursday,spring
Gigi Bohling,USA,Spicy Special Slims,2022-01-21,10829,54,2022,1,1,January,Friday,winter
Barr Faughny,Australia,White Choc,2022-07-04,8113,370,2022,3,7,July,Monday,summer
Kaine Padly,Canada,Peanut Butter Cubes,2022-07-04,3269,176,2022,3,7,July,Monday,summer
Dotty Strutley,USA,Manuka Honey Choco,2022-08-10,273,210,2022,3,8,August,Wednesday,summer
Dennison Crosswaite,Australia,50% Dark Bites,2022-04-01,7287,12,2022,2,4,April,Friday,spring
Gigi Bohling,India,Raspberry Choco,2022-02-22,2583,159,2022,1,2,February,Tuesday,winter
Camilla Castle,UK,White Choc,2022-01-03,9982,187,2022,1,1,January,Monday,winter
Karlen McCaffrey,India,Drinking Coco,2022-05-31,4795,233,2022,2,5,May,Tuesday,spring
Dotty Strutley,UK,99% Dark & Pure,2022-01-03,9310,282,2022,1,1,January,Monday,winter
Husein Augar,New Zealand,Caramel Stuffed Bars,2022-01-27,497,475,2022,1,1,January,Thursday,winter
Barr Faughny,UK,50% Dark Bites,2022-01-28,581,65,2022,1,1,January,Friday,winter
Curtice Advani,Australia,Organic Choco Syrup,2022-06-28,3472,311,2022,2,6,June,Tuesday,summer
Husein Augar,UK,Choco Coated Almonds,2022-03-02,4333,43,2022,1,3,March,Wednesday,spring
Wilone O'Kielt,Australia,After Nines,2022-05-27,3325,26,2022,2,5,May,Friday,spring
Dennison Crosswaite,USA,Almond Choco,2022-06-30,11718,84,2022,2,6,June,Thursday,summer
Barr Faughny,Canada,Peanut Butter Cubes,2022-06-07,2100,78,2022,2,6,June,Tuesday,summer
Kaine Padly,USA,70% Dark Bites,2022-05-12,4018,100,2022,2,5,May,Thursday,spring
Barr Faughny,New Zealand,Raspberry Choco,2022-07-29,6468,66,2022,3,7,July,Friday,summer
Dennison Crosswaite,UK,White Choc,2022-08-03,7238,265,2022,3,8,August,Wednesday,summer
Barr Faughny,India,Baker's Choco Chips,2022-08-18,6454,141,2022,3,8,August,Thursday,summer
Van Tuxwell,New Zealand,Smooth Sliky Salty,2022-06-14,3115,42,2022,2,6,June,Tuesday,summer
Beverie Moffet,UK,White Choc,2022-06-30,6475,76,2022,2,6,June,Thursday,summer
Camilla Castle,New Zealand,Mint Chip Choco,2022-06-13,1162,190,2022,2,6,June,Monday,summer
Ches Bonnell,UK,Orange Choco,2022-04-27,14238,54,2022,2,4,April,Wednesday,spring
Jan Morforth,Australia,White Choc,2022-07-27,3472,32,2022,3,7,July,Wednesday,summer
Mallorie Waber,Canada,85% Dark Bars,2022-04-20,1428,424,2022,2,4,April,Wednesday,spring
Rafaelita Blaksland,India,Spicy Special Slims,2022-01-04,8064,134,2022,1,1,January,Tuesday,winter
Ches Bonnell,Australia,Mint Chip Choco,2022-02-21,9660,92,2022,1,2,February,Monday,winter
Karlen McCaffrey,Australia,White Choc,2022-01-05,7357,48,2022,1,1,January,Wednesday,winter
Beverie Moffet,India,Drinking Coco,2022-07-15,6055,46,2022,3,7,July,Friday,summer
Brien Boise,Australia,Choco Coated Almonds,2022-05-25,5124,62,2022,2,5,May,Wednesday,spring
Karlen McCaffrey,Canada,Eclairs,2022-04-20,3479,358,2022,2,4,April,Wednesday,spring
Gigi Bohling,USA,99% Dark & Pure,2022-06-02,784,249,2022,2,6,June,Thursday,summer
Marney O'Breen,UK,Smooth Sliky Salty,2022-05-13,18991,88,2022,2,5,May,Friday,spring
Beverie Moffet,New Zealand,Baker's Choco Chips,2022-08-03,1372,144,2022,3,8,August,Wednesday,summer
Beverie Moffet,Australia,Milk Bars,2022-05-25,735,390,2022,2,5,May,Wednesday,spring
Van Tuxwell,UK,Raspberry Choco,2022-03-16,6538,79,2022,1,3,March,Wednesday,spring
Jan Morforth,Australia,Orange Choco,2022-07-04,3199,122,2022,3,7,July,Monday,summer
Jehu Rudeforth,India,50% Dark Bites,2022-07-05,3472,135,2022,3,7,July,Tuesday,summer
Madelene Upcott,USA,After Nines,2022-03-15,4571,430,2022,1,3,March,Tuesday,spring
Barr Faughny,UK,Raspberry Choco,2022-08-22,5481,69,2022,3,8,August,Monday,summer
Ches Bonnell,Australia,70% Dark Bites,2022-01-12,3136,125,2022,1,1,January,Wednesday,winter
Marney O'Breen,UK,Baker's Choco Chips,2022-06-10,252,154,2022,2,6,June,Friday,summer
Kaine Padly,Australia,Peanut Butter Cubes,2022-03-25,5460,286,2022,1,3,March,Friday,spring
Rafaelita Blaksland,India,Almond Choco,2022-07-27,3395,99,2022,3,7,July,Wednesday,summer
Husein Augar,UK,Caramel Stuffed Bars,2022-04-15,14938,433,2022,2,4,April,Friday,spring
Roddy Speechley,India,Orange Choco,2022-06-27,4053,19,2022,2,6,June,Monday,summer
Jehu Rudeforth,UK,70% Dark Bites,2022-04-14,5565,258,2022,2,4,April,Thursday,spring
Husein Augar,Australia,Manuka Honey Choco,2022-03-15,7161,92,2022,1,3,March,Tuesday,spring
Madelene Upcott,USA,Eclairs,2022-03-18,8883,200,2022,1,3,March,Friday,spring
Brien Boise,India,Eclairs,2022-04-29,1351,61,2022,2,4,April,Friday,spring
Mallorie Waber,New Zealand,White Choc,2022-02-25,3171,246,2022,1,2,February,Friday,winter
Husein Augar,USA,Milk Bars,2022-03-02,854,56,2022,1,3,March,Wednesday,spring
Van Tuxwell,Australia,Milk Bars,2022-06-20,7910,87,2022,2,6,June,Monday,summer
Beverie Moffet,Canada,White Choc,2022-07-15,9275,173,2022,3,7,July,Friday,summer
Dotty Strutley,Australia,50% Dark Bites,2022-05-12,3108,252,2022,2,5,May,Thursday,spring
Mallorie Waber,New Zealand,Organic Choco Syrup,2022-07-01,5075,256,2022,3,7,July,Friday,summer
Husein Augar,USA,85% Dark Bars,2022-08-08,378,54,2022,3,8,August,Monday,summer
Madelene Upcott,Australia,50% Dark Bites,2022-07-25,7350,6,2022,3,7,July,Monday,summer
Wilone O'Kielt,UK,Drinking Coco,2022-05-18,3388,55,2022,2,5,May,Wednesday,spring
Camilla Castle,India,Peanut Butter Cubes,2022-07-15,11837,277,2022,3,7,July,Friday,summer
Curtice Advani,India,70% Dark Bites,2022-07-05,2282,44,2022,3,7,July,Tuesday,summer
Mallorie Waber,USA,Manuka Honey Choco,2022-07-04,5425,96,2022,3,7,July,Monday,summer
Dotty Strutley,UK,70% Dark Bites,2022-06-20,1267,216,2022,2,6,June,Monday,summer
Gunar Cockshoot,Australia,Almond Choco,2022-01-25,3752,424,2022,1,1,January,Tuesday,winter
Kaine Padly,New Zealand,Spicy Special Slims,2022-07-01,7728,37,2022,3,7,July,Friday,summer
Gigi Bohling,USA,50% Dark Bites,2022-04-13,2296,59,2022,2,4,April,Wednesday,spring
Beverie Moffet,UK,Smooth Sliky Salty,2022-05-04,4403,76,2022,2,5,May,Wednesday,spring
Beverie Moffet,Australia,Baker's Choco Chips,2022-08-04,3192,109,2022,3,8,August,Thursday,summer
Beverie Moffet,India,70% Dark Bites,2022-06-01,448,146,2022,2,6,June,Wednesday,summer
Jehu Rudeforth,UK,Choco Coated Almonds,2022-04-22,4270,185,2022,2,4,April,Friday,spring
Kaine Padly,USA,50% Dark Bites,2022-08-03,70,27,2022,3,8,August,Wednesday,summer
Ches Bonnell,USA,Orange Choco,2022-06-10,1743,69,2022,2,6,June,Friday,summer
Gunar Cockshoot,UK,Manuka Honey Choco,2022-06-27,6762,46,2022,2,6,June,Monday,summer
Marney O'Breen,Australia,Smooth Sliky Salty,2022-01-03,3745,170,2022,1,1,January,Monday,winter
Marney O'Breen,India,After Nines,2022-07-11,2639,179,2022,3,7,July,Monday,summer
Ches Bonnell,New Zealand,Milk Bars,2022-08-17,4389,126,2022,3,8,August,Wednesday,summer
Rafaelita Blaksland,USA,Fruit & Nut Bars,2022-01-18,2604,65,2022,1,1,January,Tuesday,winter
Ches Bonnell,India,Organic Choco Syrup,2022-03-08,16569,99,2022,1,3,March,Tuesday,spring
Mallorie Waber,Australia,Orange Choco,2022-03-07,14658,275,2022,1,3,March,Monday,spring
Husein Augar,India,70% Dark Bites,2022-05-09,6454,157,2022,2,5,May,Monday,spring
Barr Faughny,New Zealand,85% Dark Bars,2022-05-23,2100,157,2022,2,5,May,Monday,spring
Madelene Upcott,UK,Caramel Stuffed Bars,2022-04-15,161,145,2022,2,4,April,Friday,spring
Gigi Bohling,Australia,Drinking Coco,2022-07-27,2807,139,2022,3,7,July,Wednesday,summer
Marney O'Breen,Canada,Choco Coated Almonds,2022-08-22,2639,406,2022,3,8,August,Monday,summer
Ches Bonnell,USA,70% Dark Bites,2022-05-11,4571,122,2022,2,5,May,Wednesday,spring
Madelene Upcott,India,Organic Choco Syrup,2022-01-26,4781,38,2022,1,1,January,Wednesday,winter
Barr Faughny,USA,50% Dark Bites,2022-04-14,13034,117,2022,2,4,April,Thursday,spring
Dennison Crosswaite,New Zealand,Mint Chip Choco,2022-04-05,6454,417,2022,2,4,April,Tuesday,spring
Marney O'Breen,New Zealand,Smooth Sliky Salty,2022-06-14,8484,57,2022,2,6,June,Tuesday,summer
Brien Boise,Canada,Almond Choco,2022-04-13,4781,125,2022,2,4,April,Wednesday,spring
Beverie Moffet,Australia,White Choc,2022-06-27,2240,166,2022,2,6,June,Monday,summer
Dotty Strutley,Australia,Eclairs,2022-01-26,6979,3,2022,1,1,January,Wednesday,winter
Barr Faughny,UK,White Choc,2022-07-05,1652,72,2022,3,7,July,Tuesday,summer
Beverie Moffet,Canada,Baker's Choco Chips,2022-01-11,13447,95,2022,1,1,January,Tuesday,winter
Kelci Walkden,USA,White Choc,2022-03-07,9422,22,2022,1,3,March,Monday,spring
Kaine Padly,Canada,50% Dark Bites,2022-03-04,8687,100,2022,1,3,March,Friday,spring
Karlen McCaffrey,Canada,Organic Choco Syrup,2022-07-15,2415,312,2022,3,7,July,Friday,summer
Kaine Padly,UK,Peanut Butter Cubes,2022-05-11,6272,86,2022,2,5,May,Wednesday,spring
Karlen McCaffrey,USA,Milk Bars,2022-01-27,4389,7,2022,1,1,January,Thursday,winter
Karlen McCaffrey,India,Orange Choco,2022-06-27,3122,149,2022,2,6,June,Monday,summer
Ches Bonnell,India,Smooth Sliky Salty,2022-08-03,8043,18,2022,3,8,August,Wednesday,summer
Wilone O'Kielt,New Zealand,Mint Chip Choco,2022-08-19,11662,242,2022,3,8,August,Friday,summer
Wilone O'Kielt,Australia,Fruit & Nut Bars,2022-06-15,392,102,2022,2,6,June,Wednesday,summer
Dennison Crosswaite,UK,Peanut Butter Cubes,2022-02-07,8925,158,2022,1,2,February,Monday,winter
Karlen McCaffrey,Australia,Almond Choco,2022-07-08,7294,128,2022,3,7,July,Friday,summer
Dennison Crosswaite,India,Milk Bars,2022-04-21,1526,96,2022,2,4,April,Thursday,spring
Ches Bonnell,UK,Mint Chip Choco,2022-04-08,2688,209,2022,2,4,April,Friday,spring
Husein Augar,Australia,50% Dark Bites,2022-08-19,14889,52,2022,3,8,August,Friday,summer
Jan Morforth,India,Fruit & Nut Bars,2022-05-04,2912,55,2022,2,5,May,Wednesday,spring
Mallorie Waber,USA,85% Dark Bars,2022-05-11,2632,108,2022,2,5,May,Wednesday,spring
Mallorie Waber,USA,Eclairs,2022-03-22,6328,51,2022,1,3,March,Tuesday,spring
Dennison Crosswaite,Canada,Spicy Special Slims,2022-08-10,2527,216,2022,3,8,August,Wednesday,summer
Dennison Crosswaite,USA,Fruit & Nut Bars,2022-05-04,1414,318,2022,2,5,May,Wednesday,spring
Kelci Walkden,USA,99% Dark & Pure,2022-08-18,7714,238,2022,3,8,August,Thursday,summer
Dotty Strutley,Canada,Raspberry Choco,2022-08-03,4347,238,2022,3,8,August,Wednesday,summer
Marney O'Breen,New Zealand,Milk Bars,2022-01-14,7490,315,2022,1,1,January,Friday,winter
Madelene Upcott,Australia,Choco Coated Almonds,2022-04-08,2058,72,2022,2,4,April,Friday,spring
Kelci Walkden,UK,Orange Choco,2022-08-01,3640,3,2022,3,8,August,Monday,summer
Dennison Crosswaite,Canada,Eclairs,2022-03-15,455,45,2022,1,3,March,Tuesday,spring
Karlen McCaffrey,India,Mint Chip Choco,2022-07-15,10990,184,2022,3,7,July,Friday,summer
Barr Faughny,New Zealand,Almond Choco,2022-01-13,5558,127,2022,1,1,January,Thursday,winter
Mallorie Waber,Australia,85% Dark Bars,2022-08-26,2541,53,2022,3,8,August,Friday,summer
Ches Bonnell,Canada,Eclairs,2022-01-10,1876,172,2022,1,1,January,Monday,winter
Gigi Bohling,Australia,White Choc,2022-05-11,5523,87,2022,2,5,May,Wednesday,spring
Beverie Moffet,New Zealand,85% Dark Bars,2022-08-30,11200,22,2022,3,8,August,Tuesday,summer
Kaine Padly,USA,Caramel Stuffed Bars,2022-07-21,5593,122,2022,3,7,July,Thursday,summer
Mallorie Waber,Australia,Almond Choco,2022-08-01,7882,125,2022,3,8,August,Monday,summer
Brien Boise,Canada,85% Dark Bars,2022-02-17,10241,259,2022,1,2,February,Thursday,winter
Brien Boise,Australia,Drinking Coco,2022-07-27,6832,156,2022,3,7,July,Wednesday,summer
Dotty Strutley,USA,Orange Choco,2022-02-23,1379,107,2022,1,2,February,Wednesday,winter
Rafaelita Blaksland,Australia,50% Dark Bites,2022-03-22,3010,40,2022,1,3,March,Tuesday,spring
Dennison Crosswaite,India,99% Dark & Pure,2022-06-23,6888,311,2022,2,6,June,Thursday,summer
Curtice Advani,UK,White Choc,2022-02-01,1540,73,2022,1,2,February,Tuesday,winter
Kelci Walkden,Australia,After Nines,2022-03-02,6916,288,2022,1,3,March,Wednesday,spring
Gigi Bohling,UK,Fruit & Nut Bars,2022-04-06,1232,86,2022,2,4,April,Wednesday,spring
Gunar Cockshoot,Australia,Raspberry Choco,2022-03-17,602,72,2022,1,3,March,Thursday,spring
Curtice Advani,UK,Fruit & Nut Bars,2022-06-24,10927,136,2022,2,6,June,Friday,summer
Barr Faughny,Canada,50% Dark Bites,2022-07-19,10185,303,2022,3,7,July,Tuesday,summer
Curtice Advani,USA,Spicy Special Slims,2022-07-11,1603,264,2022,3,7,July,Monday,summer
Brien Boise,India,Almond Choco,2022-01-13,2170,218,2022,1,1,January,Thursday,winter
Oby Sorrel,New Zealand,Smooth Sliky Salty,2022-07-07,8673,60,2022,3,7,July,Thursday,summer
Jan Morforth,India,85% Dark Bars,2022-05-25,4760,418,2022,2,5,May,Wednesday,spring
Marney O'Breen,India,Fruit & Nut Bars,2022-04-13,4753,151,2022,2,4,April,Wednesday,spring
Andria Kimpton,New Zealand,50% Dark Bites,2022-03-02,3374,202,2022,1,3,March,Wednesday,spring
Gunar Cockshoot,Canada,Raspberry Choco,2022-06-23,2058,126,2022,2,6,June,Thursday,summer
Kelci Walkden,USA,Drinking Coco,2022-07-26,6454,160,2022,3,7,July,Tuesday,summer
Van Tuxwell,Canada,White Choc,2022-03-22,420,3,2022,1,3,March,Tuesday,spring
Rafaelita Blaksland,USA,Baker's Choco Chips,2022-06-09,2863,58,2022,2,6,June,Thursday,summer
Van Tuxwell,Australia,Caramel Stuffed Bars,2022-05-17,5936,59,2022,2,5,May,Tuesday,spring
Ches Bonnell,New Zealand,Peanut Butter Cubes,2022-03-04,889,273,2022,1,3,March,Friday,spring
Kelci Walkden,Canada,Milk Bars,2022-07-07,16016,28,2022,3,7,July,Thursday,summer
Dennison Crosswaite,Canada,Choco Coated Almonds,2022-01-13,10479,118,2022,1,1,January,Thursday,winter
Curtice Advani,Australia,Almond Choco,2022-07-13,2912,75,2022,3,7,July,Wednesday,summer
Madelene Upcott,Australia,85% Dark Bars,2022-06-16,1575,329,2022,2,6,June,Thursday,summer
Gigi Bohling,UK,50% Dark Bites,2022-07-18,8197,69,2022,3,7,July,Monday,summer
Ches Bonnell,UK,Manuka Honey Choco,2022-05-30,4221,395,2022,2,5,May,Monday,spring
Gigi Bohling,UK,70% Dark Bites,2022-06-21,840,81,2022,2,6,June,Tuesday,summer
Jehu Rudeforth,Australia,Peanut Butter Cubes,2022-06-24,5691,38,2022,2,6,June,Friday,summer
Marney O'Breen,India,Eclairs,2022-01-13,3472,96,2022,1,1,January,Thursday,winter
Curtice Advani,Canada,Fruit & Nut Bars,2022-04-04,4193,195,2022,2,4,April,Monday,spring
Kaine Padly,UK,Smooth Sliky Salty,2022-06-08,9016,554,2022,2,6,June,Wednesday,summer
Karlen McCaffrey,Canada,Spicy Special Slims,2022-08-02,6328,47,2022,3,8,August,Tuesday,summer
Kelci Walkden,USA,Organic Choco Syrup,2022-07-21,9870,152,2022,3,7,July,Thursday,summer
Curtice Advani,India,Spicy Special Slims,2022-06-20,161,134,2022,2,6,June,Monday,summer
Roddy Speechley,India,After Nines,2022-06-22,2576,112,2022,2,6,June,Wednesday,summer
Camilla Castle,Australia,Caramel Stuffed Bars,2022-05-02,3178,16,2022,2,5,May,Monday,spring
Curtice Advani,Australia,99% Dark & Pure,2022-01-07,4676,84,2022,1,1,January,Friday,winter
Mallorie Waber,UK,50% Dark Bites,2022-02-21,5502,99,2022,1,2,February,Monday,winter
Ches Bonnell,Canada,Baker's Choco Chips,2022-03-21,7462,371,2022,1,3,March,Monday,spring
Van Tuxwell,UK,Drinking Coco,2022-04-04,5803,136,2022,2,4,April,Monday,spring
Gunar Cockshoot,Canada,Fruit & Nut Bars,2022-03-24,13888,203,2022,1,3,March,Thursday,spring
Gunar Cockshoot,New Zealand,Spicy Special Slims,2022-06-28,6867,183,2022,2,6,June,Tuesday,summer
Gunar Cockshoot,Australia,Drinking Coco,2022-01-14,2317,195,2022,1,1,January,Friday,winter
Karlen McCaffrey,New Zealand,Fruit & Nut Bars,2022-02-07,1218,135,2022,1,2,February,Monday,winter
Dennison Crosswaite,New Zealand,Drinking Coco,2022-01-11,4109,197,2022,1,1,January,Tuesday,winter
Jehu Rudeforth,India,99% Dark & Pure,2022-02-25,1953,242,2022,1,2,February,Friday,winter
Dotty Strutley,Australia,Mint Chip Choco,2022-08-01,6790,25,2022,3,8,August,Monday,summer
Roddy Speechley,Australia,Mint Chip Choco,2022-05-05,6797,252,2022,2,5,May,Thursday,spring
Madelene Upcott,New Zealand,Raspberry Choco,2022-05-18,9226,415,2022,2,5,May,Wednesday,spring
Dotty Strutley,New Zealand,Choco Coated Almonds,2022-01-04,5733,348,2022,1,1,January,Tuesday,winter
Roddy Speechley,New Zealand,50% Dark Bites,2022-05-09,4312,211,2022,2,5,May,Monday,spring
Rafaelita Blaksland,India,Smooth Sliky Salty,2022-05-06,1638,81,2022,2,5,May,Friday,spring
Husein Augar,UK,White Choc,2022-01-13,10815,145,2022,1,1,January,Thursday,winter
Roddy Speechley,Australia,Almond Choco,2022-06-24,4466,74,2022,2,6,June,Friday,summer
Van Tuxwell,USA,Caramel Stuffed Bars,2022-02-14,987,21,2022,1,2,February,Monday,winter
Camilla Castle,Australia,99% Dark & Pure,2022-01-18,4669,101,2022,1,1,January,Tuesday,winter
Kaine Padly,India,Milk Bars,2022-05-02,2905,91,2022,2,5,May,Monday,spring
Ches Bonnell,Australia,Smooth Sliky Salty,2022-05-16,7490,54,2022,2,5,May,Monday,spring
Mallorie Waber,USA,Almond Choco,2022-01-28,6986,368,2022,1,1,January,Friday,winter
Kaine Padly,Canada,99% Dark & Pure,2022-06-24,1288,409,2022,2,6,June,Friday,summer
Oby Sorrel,UK,After Nines,2022-07-18,2345,104,2022,3,7,July,Monday,summer
Gunar Cockshoot,UK,Eclairs,2022-04-13,3619,164,2022,2,4,April,Wednesday,spring
Dotty Strutley,USA,Caramel Stuffed Bars,2022-04-15,16982,76,2022,2,4,April,Friday,spring
Jan Morforth,India,Peanut Butter Cubes,2022-01-04,8092,178,2022,1,1,January,Tuesday,winter
Husein Augar,Australia,Eclairs,2022-07-04,6993,31,2022,3,7,July,Monday,summer
Beverie Moffet,USA,Smooth Sliky Salty,2022-03-24,2317,352,2022,1,3,March,Thursday,spring
Camilla Castle,Australia,Manuka Honey Choco,2022-03-17,637,169,2022,1,3,March,Thursday,spring
Oby Sorrel,Australia,Almond Choco,2022-02-15,6034,223,2022,1,2,February,Tuesday,winter
Jan Morforth,USA,Orange Choco,2022-06-29,980,146,2022,2,6,June,Wednesday,summer
Gigi Bohling,USA,Fruit & Nut Bars,2022-05-24,2821,112,2022,2,5,May,Tuesday,spring
Mallorie Waber,UK,Milk Bars,2022-01-10,3563,284,2022,1,1,January,Monday,winter
Curtice Advani,USA,Raspberry Choco,2022-03-15,2996,139,2022,1,3,March,Tuesday,spring
Marney O'Breen,Canada,Milk Bars,2022-02-08,2436,309,2022,1,2,February,Tuesday,winter
Brien Boise,India,Caramel Stuffed Bars,2022-02-25,1540,100,2022,1,2,February,Friday,winter
Gunar Cockshoot,USA,Eclairs,2022-05-03,6916,42,2022,2,5,May,Tuesday,spring
Roddy Speechley,USA,Fruit & Nut Bars,2022-06-14,5509,24,2022,2,6,June,Tuesday,summer
Gunar Cockshoot,India,50% Dark Bites,2022-08-09,12992,83,2022,3,8,August,Tuesday,summer
Wilone O'Kielt,New Zealand,Manuka Honey Choco,2022-07-11,3724,234,2022,3,7,July,Monday,summer
Kaine Padly,UK,Manuka Honey Choco,2022-01-14,7133,118,2022,1,1,January,Friday,winter
Van Tuxwell,Canada,Manuka Honey Choco,2022-02-24,8617,46,2022,1,2,February,Thursday,winter
Wilone O'Kielt,New Zealand,Almond Choco,2022-03-15,9198,144,2022,1,3,March,Tuesday,spring
Oby Sorrel,New Zealand,Baker's Choco Chips,2022-04-25,11823,47,2022,2,4,April,Monday,spring
Dennison Crosswaite,Australia,Organic Choco Syrup,2022-05-10,5775,41,2022,2,5,May,Tuesday,spring
Marney O'Breen,Australia,Spicy Special Slims,2022-06-23,13125,275,2022,2,6,June,Thursday,summer
Beverie Moffet,Canada,Smooth Sliky Salty,2022-02-28,14287,370,2022,1,2,February,Monday,winter
Brien Boise,USA,Organic Choco Syrup,2022-05-25,16233,138,2022,2,5,May,Wednesday,spring
Roddy Speechley,New Zealand,Baker's Choco Chips,2022-02-22,5313,215,2022,1,2,February,Tuesday,winter
Van Tuxwell,UK,85% Dark Bars,2022-07-11,3577,134,2022,3,7,July,Monday,summer
Marney O'Breen,Canada,Spicy Special Slims,2022-01-03,3528,336,2022,1,1,January,Monday,winter
Rafaelita Blaksland,New Zealand,70% Dark Bites,2022-08-24,679,280,2022,3,8,August,Wednesday,summer
Beverie Moffet,USA,50% Dark Bites,2022-07-28,2450,352,2022,3,7,July,Thursday,summer
Brien Boise,USA,Mint Chip Choco,2022-05-25,10577,150,2022,2,5,May,Wednesday,spring
Karlen McCaffrey,New Zealand,Eclairs,2022-05-06,2597,177,2022,2,5,May,Friday,spring
Barr Faughny,India,Drinking Coco,2022-01-28,2219,142,2022,1,1,January,Friday,winter
Marney O'Breen,UK,Orange Choco,2022-06-06,11319,12,2022,2,6,June,Monday,summer
Brien Boise,New Zealand,Baker's Choco Chips,2022-07-12,5978,24,2022,3,7,July,Tuesday,summer
Ches Bonnell,Canada,Spicy Special Slims,2022-08-05,5327,183,2022,3,8,August,Friday,summer
Brien Boise,USA,Orange Choco,2022-01-28,6020,147,2022,1,1,January,Friday,winter
Kaine Padly,India,Spicy Special Slims,2022-08-31,5614,137,2022,3,8,August,Wednesday,summer
Mallorie Waber,USA,50% Dark Bites,2022-04-19,1736,13,2022,2,4,April,Tuesday,spring
Mallorie Waber,UK,Mint Chip Choco,2022-06-29,6384,2,2022,2,6,June,Wednesday,summer
Beverie Moffet,India,Choco Coated Almonds,2022-02-24,3577,261,2022,1,2,February,Thursday,winter
Madelene Upcott,UK,Smooth Sliky Salty,2022-03-04,14539,84,2022,1,3,March,Friday,spring
Gigi Bohling,India,Eclairs,2022-06-21,3493,68,2022,2,6,June,Tuesday,summer
Rafaelita Blaksland,Australia,Organic Choco Syrup,2022-01-26,994,105,2022,1,1,January,Wednesday,winter
Oby Sorrel,New Zealand,White Choc,2022-06-10,4361,40,2022,2,6,June,Friday,summer
Andria Kimpton,UK,Drinking Coco,2022-05-23,1554,65,2022,2,5,May,Monday,spring
Kelci Walkden,India,Milk Bars,2022-04-15,966,107,2022,2,4,April,Friday,spring
Karlen McCaffrey,New Zealand,Caramel Stuffed Bars,2022-01-31,5334,227,2022,1,1,January,Monday,winter
Andria Kimpton,New Zealand,Organic Choco Syrup,2022-03-04,4935,39,2022,1,3,March,Friday,spring
Barr Faughny,New Zealand,After Nines,2022-04-19,10024,84,2022,2,4,April,Tuesday,spring
Beverie Moffet,UK,Almond Choco,2022-05-16,2506,100,2022,2,5,May,Monday,spring
Oby Sorrel,Australia,Raspberry Choco,2022-02-17,1043,120,2022,1,2,February,Thursday,winter
Dennison Crosswaite,USA,Raspberry Choco,2022-01-18,6524,257,2022,1,1,January,Tuesday,winter
Roddy Speechley,Canada,Orange Choco,2022-02-09,8148,85,2022,1,2,February,Wednesday,winter
Mallorie Waber,Canada,Orange Choco,2022-03-23,3577,178,2022,1,3,March,Wednesday,spring
Madelene Upcott,New Zealand,Caramel Stuffed Bars,2022-02-01,3374,151,2022,1,2,February,Tuesday,winter
Mallorie Waber,India,Drinking Coco,2022-03-07,3948,142,2022,1,3,March,Monday,spring
Ches Bonnell,UK,White Choc,2022-01-03,3269,226,2022,1,1,January,Monday,winter
Ches Bonnell,USA,White Choc,2022-02-11,5271,341,2022,1,2,February,Friday,winter
Dennison Crosswaite,New Zealand,Orange Choco,2022-03-16,4571,140,2022,1,3,March,Wednesday,spring
Dotty Strutley,India,White Choc,2022-08-15,12327,330,2022,3,8,August,Monday,summer
Gigi Bohling,India,Manuka Honey Choco,2022-05-12,4935,73,2022,2,5,May,Thursday,spring
Van Tuxwell,India,Spicy Special Slims,2022-04-11,6167,4,2022,2,4,April,Monday,spring
Jan Morforth,New Zealand,Mint Chip Choco,2022-06-30,18340,285,2022,2,6,June,Thursday,summer
Dotty Strutley,New Zealand,White Choc,2022-06-15,7014,60,2022,2,6,June,Wednesday,summer
Rafaelita Blaksland,Canada,Caramel Stuffed Bars,2022-08-01,7119,101,2022,3,8,August,Monday,summer
Kaine Padly,USA,Milk Bars,2022-06-15,15491,58,2022,2,6,June,Wednesday,summer
Brien Boise,India,After Nines,2022-06-16,5747,45,2022,2,6,June,Thursday,summer
Oby Sorrel,New Zealand,Raspberry Choco,2022-05-13,4550,281,2022,2,5,May,Friday,spring
Dennison Crosswaite,USA,Drinking Coco,2022-05-10,2191,138,2022,2,5,May,Tuesday,spring
Oby Sorrel,India,Eclairs,2022-08-25,5663,322,2022,3,8,August,Thursday,summer
Ches Bonnell,New Zealand,Organic Choco Syrup,2022-07-15,7623,85,2022,3,7,July,Friday,summer
Gigi Bohling,UK,Baker's Choco Chips,2022-05-16,9023,409,2022,2,5,May,Monday,spring
Jan Morforth,Australia,50% Dark Bites,2022-06-14,3402,182,2022,2,6,June,Tuesday,summer
Beverie Moffet,Australia,Smooth Sliky Salty,2022-01-25,10507,467,2022,1,1,January,Tuesday,winter
Ches Bonnell,USA,Organic Choco Syrup,2022-07-28,7721,14,2022,3,7,July,Thursday,summer
Brien Boise,Canada,Mint Chip Choco,2022-01-28,5033,178,2022,1,1,January,Friday,winter
Kaine Padly,UK,Orange Choco,2022-06-29,1960,191,2022,2,6,June,Wednesday,summer
Karlen McCaffrey,Australia,70% Dark Bites,2022-06-24,238,317,2022,2,6,June,Friday,summer
Gunar Cockshoot,Canada,Mint Chip Choco,2022-07-01,7756,410,2022,3,7,July,Friday,summer
Roddy Speechley,USA,Peanut Butter Cubes,2022-02-25,1736,137,2022,1,2,February,Friday,winter
Curtice Advani,Canada,Smooth Sliky Salty,2022-08-01,2660,12,2022,3,8,August,Monday,summer
Oby Sorrel,Australia,Milk Bars,2022-06-21,7672,254,2022,2,6,June,Tuesday,summer
Camilla Castle,New Zealand,Spicy Special Slims,2022-01-25,11564,24,2022,1,1,January,Tuesday,winter
Gigi Bohling,UK,Milk Bars,2022-05-17,1365,232,2022,2,5,May,Tuesday,spring
Andria Kimpton,Australia,85% Dark Bars,2022-08-23,4186,233,2022,3,8,August,Tuesday,summer
Camilla Castle,Australia,Smooth Sliky Salty,2022-03-03,7406,118,2022,1,3,March,Thursday,spring
Roddy Speechley,India,Caramel Stuffed Bars,2022-05-30,8911,543,2022,2,5,May,Monday,spring
Karlen McCaffrey,USA,Drinking Coco,2022-06-29,112,223,2022,2,6,June,Wednesday,summer
Andria Kimpton,Canada,Organic Choco Syrup,2022-01-04,8204,204,2022,1,1,January,Tuesday,winter
Jehu Rudeforth,Australia,Drinking Coco,2022-01-14,2611,65,2022,1,1,January,Friday,winter
Karlen McCaffrey,USA,Mint Chip Choco,2022-02-15,15652,53,2022,1,2,February,Tuesday,winter
Curtice Advani,New Zealand,Spicy Special Slims,2022-01-10,4074,469,2022,1,1,January,Monday,winter
Madelene Upcott,USA,White Choc,2022-05-04,12250,213,2022,2,5,May,Wednesday,spring
Andria Kimpton,USA,Spicy Special Slims,2022-05-23,2366,5,2022,2,5,May,Monday,spring
Barr Faughny,New Zealand,Fruit & Nut Bars,2022-04-26,1687,147,2022,2,4,April,Tuesday,spring
Oby Sorrel,Canada,Organic Choco Syrup,2022-07-05,1232,74,2022,3,7,July,Tuesday,summer
Madelene Upcott,UK,Organic Choco Syrup,2022-07-21,6965,163,2022,3,7,July,Thursday,summer
Dotty Strutley,USA,Mint Chip Choco,2022-02-21,5292,248,2022,1,2,February,Monday,winter
Kelci Walkden,USA,Orange Choco,2022-02-03,1379,138,2022,1,2,February,Thursday,winter
Gigi Bohling,Australia,Caramel Stuffed Bars,2022-07-08,8001,151,2022,3,7,July,Friday,summer
Mallorie Waber,India,50% Dark Bites,2022-05-31,588,139,2022,2,5,May,Tuesday,spring
Van Tuxwell,New Zealand,Mint Chip Choco,2022-06-27,4046,103,2022,2,6,June,Monday,summer
Van Tuxwell,India,50% Dark Bites,2022-05-13,5103,129,2022,2,5,May,Friday,spring
Van Tuxwell,USA,Manuka Honey Choco,2022-05-31,2317,102,2022,2,5,May,Tuesday,spring
Wilone O'Kielt,USA,Orange Choco,2022-02-28,7042,37,2022,1,2,February,Monday,winter
Barr Faughny,New Zealand,Eclairs,2022-03-28,6713,31,2022,1,3,March,Monday,spring
Gigi Bohling,USA,After Nines,2022-01-14,1848,227,2022,1,1,January,Friday,winter
Barr Faughny,New Zealand,Mint Chip Choco,2022-02-21,6440,145,2022,1,2,February,Monday,winter
Dennison Crosswaite,Canada,85% Dark Bars,2022-08-01,10885,90,2022,3,8,August,Monday,summer
Beverie Moffet,New Zealand,Smooth Sliky Salty,2022-05-19,2387,59,2022,2,5,May,Thursday,spring
Husein Augar,USA,White Choc,2022-07-13,2030,60,2022,3,7,July,Wednesday,summer
Andria Kimpton,Australia,Peanut Butter Cubes,2022-04-20,6678,148,2022,2,4,April,Wednesday,spring
Dennison Crosswaite,India,85% Dark Bars,2022-06-30,4515,22,2022,2,6,June,Thursday,summer
Curtice Advani,UK,50% Dark Bites,2022-03-08,3374,142,2022,1,3,March,Tuesday,spring
Gunar Cockshoot,USA,Fruit & Nut Bars,2022-03-09,5852,93,2022,1,3,March,Wednesday,spring
Oby Sorrel,Canada,Raspberry Choco,2022-06-16,1750,208,2022,2,6,June,Thursday,summer
Gigi Bohling,UK,Drinking Coco,2022-06-30,5782,42,2022,2,6,June,Thursday,summer
Kelci Walkden,India,Mint Chip Choco,2022-07-28,2870,120,2022,3,7,July,Thursday,summer
Karlen McCaffrey,Canada,Peanut Butter Cubes,2022-08-12,3094,159,2022,3,8,August,Friday,summer
Barr Faughny,UK,Mint Chip Choco,2022-07-07,3724,316,2022,3,7,July,Thursday,summer
Barr Faughny,USA,85% Dark Bars,2022-08-25,12761,47,2022,3,8,August,Thursday,summer
Husein Augar,Canada,Eclairs,2022-01-17,3696,233,2022,1,1,January,Monday,winter
Jan Morforth,Australia,70% Dark Bites,2022-03-04,5222,384,2022,1,3,March,Friday,spring
Marney O'Breen,New Zealand,Fruit & Nut Bars,2022-08-25,8939,4,2022,3,8,August,Thursday,summer
Ches Bonnell,UK,Peanut Butter Cubes,2022-04-15,2156,260,2022,2,4,April,Friday,spring
Kaine Padly,USA,Organic Choco Syrup,2022-03-11,2380,22,2022,1,3,March,Friday,spring
Camilla Castle,USA,Raspberry Choco,2022-05-20,3339,18,2022,2,5,May,Friday,spring
Brien Boise,New Zealand,Manuka Honey Choco,2022-06-14,14980,42,2022,2,6,June,Tuesday,summer
Jehu Rudeforth,New Zealand,After Nines,2022-04-14,1512,73,2022,2,4,April,Thursday,spring
Jehu Rudeforth,USA,Smooth Sliky Salty,2022-07-07,6657,154,2022,3,7,July,Thursday,summer
Madelene Upcott,India,Mint Chip Choco,2022-08-24,3836,71,2022,3,8,August,Wednesday,summer
Jehu Rudeforth,India,Eclairs,2022-02-24,8771,127,2022,1,2,February,Thursday,winter
Karlen McCaffrey,Canada,Raspberry Choco,2022-05-09,651,224,2022,2,5,May,Monday,spring
Kaine Padly,Australia,70% Dark Bites,2022-02-08,6706,223,2022,1,2,February,Tuesday,winter
Roddy Speechley,UK,70% Dark Bites,2022-03-24,1421,284,2022,1,3,March,Thursday,spring
Rafaelita Blaksland,USA,Drinking Coco,2022-06-20,8526,73,2022,2,6,June,Monday,summer
Mallorie Waber,Canada,Manuka Honey Choco,2022-03-07,1435,112,2022,1,3,March,Monday,spring
Kaine Padly,Australia,Fruit & Nut Bars,2022-06-20,7434,85,2022,2,6,June,Monday,summer
Oby Sorrel,New Zealand,Organic Choco Syrup,2022-02-17,15316,270,2022,1,2,February,Thursday,winter
Madelene Upcott,UK,99% Dark & Pure,2022-01-26,10479,45,2022,1,1,January,Wednesday,winter
Madelene Upcott,Australia,Mint Chip Choco,2022-05-02,2751,153,2022,2,5,May,Monday,spring
Curtice Advani,Canada,99% Dark & Pure,2022-07-07,12586,7,2022,3,7,July,Thursday,summer
Rafaelita Blaksland,Australia,Baker's Choco Chips,2022-08-22,2786,51,2022,3,8,August,Monday,summer
Karlen McCaffrey,Australia,After Nines,2022-08-11,2303,67,2022,3,8,August,Thursday,summer
Marney O'Breen,UK,99% Dark & Pure,2022-01-13,8113,194,2022,1,1,January,Thursday,winter
Gunar Cockshoot,Australia,50% Dark Bites,2022-03-02,12271,116,2022,1,3,March,Wednesday,spring
Marney O'Breen,Australia,Choco Coated Almonds,2022-07-27,11298,41,2022,3,7,July,Wednesday,summer
Kelci Walkden,New Zealand,Drinking Coco,2022-03-10,15855,111,2022,1,3,March,Thursday,spring
Beverie Moffet,USA,85% Dark Bars,2022-08-23,12404,334,2022,3,8,August,Tuesday,summer
Roddy Speechley,USA,Eclairs,2022-04-25,3990,155,2022,2,4,April,Monday,spring
Dennison Crosswaite,UK,Milk Bars,2022-03-07,10808,407,2022,1,3,March,Monday,spring
Wilone O'Kielt,UK,Organic Choco Syrup,2022-07-12,4858,52,2022,3,7,July,Tuesday,summer
Madelene Upcott,USA,Orange Choco,2022-05-16,7742,138,2022,2,5,May,Monday,spring
Gunar Cockshoot,India,Smooth Sliky Salty,2022-03-02,3752,70,2022,1,3,March,Wednesday,spring
Marney O'Breen,New Zealand,85% Dark Bars,2022-05-30,1218,149,2022,2,5,May,Monday,spring
Marney O'Breen,UK,Manuka Honey Choco,2022-06-10,10983,179,2022,2,6,June,Friday,summer
Brien Boise,USA,99% Dark & Pure,2022-07-25,6769,353,2022,3,7,July,Monday,summer
Beverie Moffet,New Zealand,Mint Chip Choco,2022-06-09,4361,97,2022,2,6,June,Thursday,summer
Dennison Crosswaite,USA,Milk Bars,2022-05-12,777,60,2022,2,5,May,Thursday,spring
Gunar Cockshoot,USA,Drinking Coco,2022-05-09,3843,5,2022,2,5,May,Monday,spring
Brien Boise,Canada,Manuka Honey Choco,2022-08-09,6930,182,2022,3,8,August,Tuesday,summer
Van Tuxwell,India,Choco Coated Almonds,2022-04-13,5733,114,2022,2,4,April,Wednesday,spring
Andria Kimpton,USA,Caramel Stuffed Bars,2022-05-02,8393,46,2022,2,5,May,Monday,spring
Dotty Strutley,USA,99% Dark & Pure,2022-08-09,3822,320,2022,3,8,August,Tuesday,summer
Camilla Castle,Australia,Raspberry Choco,2022-08-23,6342,178,2022,3,8,August,Tuesday,summer
Gunar Cockshoot,India,Spicy Special Slims,2022-05-13,6510,170,2022,2,5,May,Friday,spring
Karlen McCaffrey,USA,Manuka Honey Choco,2022-02-01,10171,67,2022,1,2,February,Tuesday,winter
Camilla Castle,USA,50% Dark Bites,2022-06-23,5908,301,2022,2,6,June,Thursday,summer
Madelene Upcott,UK,Choco Coated Almonds,2022-05-24,10164,134,2022,2,5,May,Tuesday,spring
Jan Morforth,Canada,Mint Chip Choco,2022-04-01,1064,211,2022,2,4,April,Friday,spring
Camilla Castle,Canada,70% Dark Bites,2022-07-27,9716,151,2022,3,7,July,Wednesday,summer
Ches Bonnell,India,Peanut Butter Cubes,2022-01-27,22050,208,2022,1,1,January,Thursday,winter
Jan Morforth,India,Choco Coated Almonds,2022-08-12,2541,134,2022,3,8,August,Friday,summer
Gigi Bohling,Canada,Almond Choco,2022-02-01,9989,49,2022,1,2,February,Tuesday,winter
Rafaelita Blaksland,India,After Nines,2022-03-02,4739,204,2022,1,3,March,Wednesday,spring
Kelci Walkden,Australia,99% Dark & Pure,2022-06-30,3185,34,2022,2,6,June,Thursday,summer
Dotty Strutley,Australia,Spicy Special Slims,2022-01-17,8225,91,2022,1,1,January,Monday,winter
Brien Boise,USA,Milk Bars,2022-07-07,14301,130,2022,3,7,July,Thursday,summer
Mallorie Waber,New Zealand,Mint Chip Choco,2022-01-31,1316,107,2022,1,1,January,Monday,winter
Beverie Moffet,UK,99% Dark & Pure,2022-08-10,3486,121,2022,3,8,August,Wednesday,summer
Beverie Moffet,USA,Peanut Butter Cubes,2022-08-18,13930,339,2022,3,8,August,Thursday,summer
Brien Boise,New Zealand,White Choc,2022-06-15,5509,321,2022,2,6,June,Wednesday,summer
Marney O'Breen,USA,Baker's Choco Chips,2022-01-26,8470,9,2022,1,1,January,Wednesday,winter
Kelci Walkden,USA,Spicy Special Slims,2022-04-29,77,69,2022,2,4,April,Friday,spring
Mallorie Waber,Canada,White Choc,2022-03-03,3381,72,2022,1,3,March,Thursday,spring
Kaine Padly,Australia,Almond Choco,2022-02-22,4102,392,2022,1,2,February,Tuesday,winter
Oby Sorrel,USA,Smooth Sliky Salty,2022-03-04,3577,158,2022,1,3,March,Friday,spring
Dennison Crosswaite,India,Smooth Sliky Salty,2022-07-07,2975,9,2022,3,7,July,Thursday,summer
Camilla Castle,New Zealand,Caramel Stuffed Bars,2022-06-17,4137,347,2022,2,6,June,Friday,summer
Jan Morforth,Canada,Caramel Stuffed Bars,2022-08-02,9541,114,2022,3,8,August,Tuesday,summer
Oby Sorrel,USA,Baker's Choco Chips,2022-08-12,8001,120,2022,3,8,August,Friday,summer
Madelene Upcott,New Zealand,Peanut Butter Cubes,2022-01-28,5152,333,2022,1,1,January,Friday,winter
Kelci Walkden,Australia,Orange Choco,2022-04-29,11116,432,2022,2,4,April,Friday,spring
Marney O'Breen,Australia,Manuka Honey Choco,2022-04-05,13076,236,2022,2,4,April,Tuesday,spring
Kaine Padly,Canada,Manuka Honey Choco,2022-01-18,10213,135,2022,1,1,January,Tuesday,winter
Jehu Rudeforth,UK,Baker's Choco Chips,2022-05-16,2485,97,2022,2,5,May,Monday,spring
Kelci Walkden,Australia,White Choc,2022-08-24,8715,168,2022,3,8,August,Wednesday,summer
Curtice Advani,India,85% Dark Bars,2022-01-18,273,402,2022,1,1,January,Tuesday,winter
Kaine Padly,USA,Eclairs,2022-08-22,7623,10,2022,3,8,August,Monday,summer
Gunar Cockshoot,UK,99% Dark & Pure,2022-03-07,7,84,2022,1,3,March,Monday,spring
Beverie Moffet,UK,Choco Coated Almonds,2022-03-04,3010,69,2022,1,3,March,Friday,spring
Dotty Strutley,Canada,Manuka Honey Choco,2022-04-22,11550,111,2022,2,4,April,Friday,spring
Kaine Padly,Australia,Milk Bars,2022-06-09,4046,89,2022,2,6,June,Thursday,summer
Jan Morforth,Canada,Fruit & Nut Bars,2022-07-25,8904,199,2022,3,7,July,Monday,summer
Jan Morforth,India,Smooth Sliky Salty,2022-08-03,11298,89,2022,3,8,August,Wednesday,summer
Rafaelita Blaksland,Australia,Manuka Honey Choco,2022-08-03,4396,131,2022,3,8,August,Wednesday,summer
Jehu Rudeforth,UK,Milk Bars,2022-05-03,12068,227,2022,2,5,May,Tuesday,spring
Husein Augar,Canada,After Nines,2022-01-19,9772,301,2022,1,1,January,Wednesday,winter
Roddy Speechley,USA,50% Dark Bites,2022-02-11,10458,316,2022,1,2,February,Friday,winter
Van Tuxwell,India,Almond Choco,2022-06-14,6426,390,2022,2,6,June,Tuesday,summer
Kelci Walkden,USA,50% Dark Bites,2022-03-23,6188,223,2022,1,3,March,Wednesday,spring
Madelene Upcott,Canada,85% Dark Bars,2022-02-17,7504,101,2022,1,2,February,Thursday,winter
Dennison Crosswaite,Canada,Smooth Sliky Salty,2022-03-17,1750,479,2022,1,3,March,Thursday,spring
Mallorie Waber,Australia,Spicy Special Slims,2022-06-29,5439,287,2022,2,6,June,Wednesday,summer
Ches Bonnell,Canada,Choco Coated Almonds,2022-08-24,15547,269,2022,3,8,August,Wednesday,summer
Gigi Bohling,Canada,Spicy Special Slims,2022-07-04,11956,277,2022,3,7,July,Monday,summer
Roddy Speechley,New Zealand,Almond Choco,2022-03-28,2723,67,2022,1,3,March,Monday,spring
Curtice Advani,India,Smooth Sliky Salty,2022-04-19,19327,135,2022,2,4,April,Tuesday,spring
Ches Bonnell,New Zealand,Mint Chip Choco,2022-01-18,9058,229,2022,1,1,January,Tuesday,winter
Van Tuxwell,New Zealand,Fruit & Nut Bars,2022-01-17,2996,88,2022,1,1,January,Monday,winter
Andria Kimpton,New Zealand,Mint Chip Choco,2022-02-15,8848,211,2022,1,2,February,Tuesday,winter
Andria Kimpton,UK,Milk Bars,2022-02-11,14336,293,2022,1,2,February,Friday,winter
Camilla Castle,USA,Manuka Honey Choco,2022-03-21,16401,179,2022,1,3,March,Monday,spring
Gunar Cockshoot,New Zealand,Almond Choco,2022-01-05,5173,129,2022,1,1,January,Wednesday,winter
Brien Boise,India,Raspberry Choco,2022-05-30,6328,164,2022,2,5,May,Monday,spring
Jehu Rudeforth,USA,99% Dark & Pure,2022-01-04,2534,219,2022,1,1,January,Tuesday,winter
Beverie Moffet,Australia,Fruit & Nut Bars,2022-04-22,1435,258,2022,2,4,April,Friday,spring
Gigi Bohling,Canada,Milk Bars,2022-02-10,3052,116,2022,1,2,February,Thursday,winter
Dotty Strutley,India,Spicy Special Slims,2022-08-12,910,204,2022,3,8,August,Friday,summer
Gunar Cockshoot,USA,Organic Choco Syrup,2022-08-10,2331,321,2022,3,8,August,Wednesday,summer
Kelci Walkden,Australia,Raspberry Choco,2022-06-07,679,56,2022,2,6,June,Tuesday,summer
Jehu Rudeforth,India,Baker's Choco Chips,2022-06-06,2086,74,2022,2,6,June,Monday,summer
Karlen McCaffrey,New Zealand,Baker's Choco Chips,2022-04-05,5012,189,2022,2,4,April,Tuesday,spring
Wilone O'Kielt,USA,50% Dark Bites,2022-04-18,4501,131,2022,2,4,April,Monday,spring
Andria Kimpton,India,50% Dark Bites,2022-01-31,13482,15,2022,1,1,January,Monday,winter
Madelene Upcott,USA,Baker's Choco Chips,2022-08-22,5621,140,2022,3,8,August,Monday,summer
Jehu Rudeforth,Australia,99% Dark & Pure,2022-02-25,10486,198,2022,1,2,February,Friday,winter
Jan Morforth,Australia,Mint Chip Choco,2022-02-22,17626,103,2022,1,2,February,Tuesday,winter
Oby Sorrel,New Zealand,Milk Bars,2022-01-12,4494,187,2022,1,1,January,Wednesday,winter
Brien Boise,UK,Almond Choco,2022-05-25,105,125,2022,2,5,May,Wednesday,spring
Kelci Walkden,India,Smooth Sliky Salty,2022-02-01,2464,8,2022,1,2,February,Tuesday,winter
Rafaelita Blaksland,UK,Eclairs,2022-04-27,1379,70,2022,2,4,April,Wednesday,spring
Gigi Bohling,USA,Smooth Sliky Salty,2022-07-22,2583,126,2022,3,7,July,Friday,summer
Curtice Advani,New Zealand,Mint Chip Choco,2022-01-26,3220,265,2022,1,1,January,Wednesday,winter
Curtice Advani,USA,Mint Chip Choco,2022-08-24,4802,296,2022,3,8,August,Wednesday,summer
Madelene Upcott,New Zealand,Fruit & Nut Bars,2022-01-18,5677,21,2022,1,1,January,Tuesday,winter
Karlen McCaffrey,India,85% Dark Bars,2022-03-30,945,83,2022,1,3,March,Wednesday,spring
Ches Bonnell,Australia,Caramel Stuffed Bars,2022-01-17,8757,162,2022,1,1,January,Monday,winter
Kelci Walkden,USA,Fruit & Nut Bars,2022-02-17,4816,145,2022,1,2,February,Thursday,winter
Kelci Walkden,Canada,Peanut Butter Cubes,2022-04-08,7532,44,2022,2,4,April,Friday,spring
Gigi Bohling,Canada,Drinking Coco,2022-07-06,3549,82,2022,3,7,July,Wednesday,summer
Husein Augar,India,Fruit & Nut Bars,2022-04-04,4340,226,2022,2,4,April,Monday,spring
Jan Morforth,New Zealand,Organic Choco Syrup,2022-03-02,1799,207,2022,1,3,March,Wednesday,spring
Gigi Bohling,New Zealand,Raspberry Choco,2022-08-09,1127,176,2022,3,8,August,Tuesday,summer
Dennison Crosswaite,Australia,Milk Bars,2022-06-09,10038,286,2022,2,6,June,Thursday,summer
Ches Bonnell,UK,Caramel Stuffed Bars,2022-06-02,2926,300,2022,2,6,June,Thursday,summer
Van Tuxwell,USA,Fruit & Nut Bars,2022-07-05,6279,235,2022,3,7,July,Tuesday,summer
Andria Kimpton,Canada,Eclairs,2022-08-11,308,125,2022,3,8,August,Thursday,summer
Madelene Upcott,India,Choco Coated Almonds,2022-02-11,3500,145,2022,1,2,February,Friday,winter
Kelci Walkden,New Zealand,Spicy Special Slims,2022-08-11,658,65,2022,3,8,August,Thursday,summer
Roddy Speechley,Australia,Drinking Coco,2022-05-12,12565,102,2022,2,5,May,Thursday,spring
Wilone O'Kielt,USA,Milk Bars,2022-07-15,5012,93,2022,3,7,July,Friday,summer
Andria Kimpton,India,Organic Choco Syrup,2022-01-18,3955,134,2022,1,1,January,Tuesday,winter
Madelene Upcott,UK,Fruit & Nut Bars,2022-01-05,8512,189,2022,1,1,January,Wednesday,winter
Curtice Advani,Australia,50% Dark Bites,2022-06-29,504,232,2022,2,6,June,Wednesday,summer
Brien Boise,Canada,Raspberry Choco,2022-06-14,2800,45,2022,2,6,June,Tuesday,summer
Gunar Cockshoot,India,Mint Chip Choco,2022-08-08,4256,67,2022,3,8,August,Monday,summer
Dennison Crosswaite,India,Mint Chip Choco,2022-03-23,13573,138,2022,1,3,March,Wednesday,spring
Barr Faughny,India,Caramel Stuffed Bars,2022-01-04,6566,99,2022,1,1,January,Tuesday,winter
Brien Boise,India,Milk Bars,2022-02-22,13503,251,2022,1,2,February,Tuesday,winter
Beverie Moffet,UK,Spicy Special Slims,2022-02-17,8680,252,2022,1,2,February,Thursday,winter
Barr Faughny,USA,Almond Choco,2022-02-03,385,78,2022,1,2,February,Thursday,winter
Van Tuxwell,Canada,Raspberry Choco,2022-03-17,1267,130,2022,1,3,March,Thursday,spring
Wilone O'Kielt,Australia,Baker's Choco Chips,2022-01-25,2961,154,2022,1,1,January,Tuesday,winter
Brien Boise,Australia,Milk Bars,2022-07-27,1981,52,2022,3,7,July,Wednesday,summer
Husein Augar,Australia,Fruit & Nut Bars,2022-01-28,7959,53,2022,1,1,January,Friday,winter
Madelene Upcott,Australia,Organic Choco Syrup,2022-07-05,10794,50,2022,3,7,July,Tuesday,summer
Van Tuxwell,India,White Choc,2022-03-15,1897,44,2022,1,3,March,Tuesday,spring
Gunar Cockshoot,Canada,After Nines,2022-08-04,2744,200,2022,3,8,August,Thursday,summer
Jan Morforth,USA,Fruit & Nut Bars,2022-06-27,4382,361,2022,2,6,June,Monday,summer
Jan Morforth,Canada,After Nines,2022-07-13,4515,172,2022,3,7,July,Wednesday,summer
Barr Faughny,New Zealand,Manuka Honey Choco,2022-02-24,5474,239,2022,1,2,February,Thursday,winter
Karlen McCaffrey,New Zealand,85% Dark Bars,2022-06-28,6069,55,2022,2,6,June,Tuesday,summer
Oby Sorrel,Australia,85% Dark Bars,2022-06-30,6944,27,2022,2,6,June,Thursday,summer
Curtice Advani,Canada,Choco Coated Almonds,2022-08-18,5859,7,2022,3,8,August,Thursday,summer
Kaine Padly,India,70% Dark Bites,2022-01-24,12173,301,2022,1,1,January,Monday,winter
Beverie Moffet,USA,White Choc,2022-03-11,5292,134,2022,1,3,March,Friday,spring
Ches Bonnell,New Zealand,After Nines,2022-06-23,5705,350,2022,2,6,June,Thursday,summer
Husein Augar,India,Spicy Special Slims,2022-08-22,2492,33,2022,3,8,August,Monday,summer
Gunar Cockshoot,Canada,50% Dark Bites,2022-01-04,3024,23,2022,1,1,January,Tuesday,winter
Curtice Advani,India,Milk Bars,2022-04-05,3437,201,2022,2,4,April,Tuesday,spring
Beverie Moffet,India,Milk Bars,2022-04-15,1869,323,2022,2,4,April,Friday,spring
Husein Augar,Australia,White Choc,2022-05-11,3171,220,2022,2,5,May,Wednesday,spring
Andria Kimpton,Canada,Manuka Honey Choco,2022-07-21,4858,488,2022,3,7,July,Thursday,summer
Jan Morforth,New Zealand,Orange Choco,2022-02-11,1225,84,2022,1,2,February,Friday,winter
Andria Kimpton,Canada,Smooth Sliky Salty,2022-07-08,1155,79,2022,3,7,July,Friday,summer
Gunar Cockshoot,UK,Raspberry Choco,2022-08-11,6811,344,2022,3,8,August,Thursday,summer
Husein Augar,New Zealand,After Nines,2022-08-04,6433,7,2022,3,8,August,Thursday,summer
Andria Kimpton,New Zealand,Orange Choco,2022-06-14,8169,88,2022,2,6,June,Tuesday,summer
Dennison Crosswaite,UK,Baker's Choco Chips,2022-01-17,2275,275,2022,1,1,January,Monday,winter
Jehu Rudeforth,Canada,Orange Choco,2022-06-23,3857,512,2022,2,6,June,Thursday,summer
Jehu Rudeforth,UK,Smooth Sliky Salty,2022-08-24,1463,113,2022,3,8,August,Wednesday,summer
Andria Kimpton,UK,Caramel Stuffed Bars,2022-06-07,7924,275,2022,2,6,June,Tuesday,summer
Jan Morforth,UK,White Choc,2022-06-22,8799,47,2022,2,6,June,Wednesday,summer
Dotty Strutley,USA,Fruit & Nut Bars,2022-07-13,2898,276,2022,3,7,July,Wednesday,summer
Kelci Walkden,UK,Choco Coated Almonds,2022-05-24,9506,212,2022,2,5,May,Tuesday,spring
Gunar Cockshoot,New Zealand,After Nines,2022-08-09,7175,145,2022,3,8,August,Tuesday,summer
Kaine Padly,Canada,85% Dark Bars,2022-04-06,1729,31,2022,2,4,April,Wednesday,spring
Jan Morforth,New Zealand,Manuka Honey Choco,2022-07-28,1589,271,2022,3,7,July,Thursday,summer
Gunar Cockshoot,New Zealand,Raspberry Choco,2022-08-24,630,52,2022,3,8,August,Wednesday,summer
Van Tuxwell,Australia,99% Dark & Pure,2022-01-17,112,128,2022,1,1,January,Monday,winter
Curtice Advani,USA,Drinking Coco,2022-02-07,5187,142,2022,1,2,February,Monday,winter
Brien Boise,Australia,Spicy Special Slims,2022-05-09,6223,256,2022,2,5,May,Monday,spring
Mallorie Waber,New Zealand,85% Dark Bars,2022-06-06,7714,106,2022,2,6,June,Monday,summer
Wilone O'Kielt,USA,Choco Coated Almonds,2022-06-06,9457,6,2022,2,6,June,Monday,summer
Beverie Moffet,New Zealand,Organic Choco Syrup,2022-05-24,6678,226,2022,2,5,May,Tuesday,spring
Gunar Cockshoot,UK,50% Dark Bites,2022-01-13,2107,121,2022,1,1,January,Thursday,winter
Marney O'Breen,USA,Raspberry Choco,2022-05-23,6069,151,2022,2,5,May,Monday,spring
Jehu Rudeforth,UK,White Choc,2022-06-29,1862,284,2022,2,6,June,Wednesday,summer
Jehu Rudeforth,New Zealand,85% Dark Bars,2022-03-11,6972,89,2022,1,3,March,Friday,spring
Dotty Strutley,USA,85% Dark Bars,2022-04-25,10220,508,2022,2,4,April,Monday,spring
Rafaelita Blaksland,Australia,Smooth Sliky Salty,2022-05-30,3969,243,2022,2,5,May,Monday,spring
Curtice Advani,India,Manuka Honey Choco,2022-05-23,1547,170,2022,2,5,May,Monday,spring
Mallorie Waber,USA,Peanut Butter Cubes,2022-05-23,1162,18,2022,2,5,May,Monday,spring
Van Tuxwell,Canada,Peanut Butter Cubes,2022-06-24,6342,282,2022,2,6,June,Friday,summer
Kelci Walkden,New Zealand,Smooth Sliky Salty,2022-03-11,10633,277,2022,1,3,March,Friday,spring
Rafaelita Blaksland,USA,Smooth Sliky Salty,2022-07-27,15057,212,2022,3,7,July,Wednesday,summer
Rafaelita Blaksland,USA,White Choc,2022-08-16,4704,126,2022,3,8,August,Tuesday,summer
Roddy Speechley,Canada,Smooth Sliky Salty,2022-03-07,9338,11,2022,1,3,March,Monday,spring
Curtice Advani,New Zealand,After Nines,2022-04-05,7959,30,2022,2,4,April,Tuesday,spring
Camilla Castle,India,85% Dark Bars,2022-05-04,9023,51,2022,2,5,May,Wednesday,spring
Ches Bonnell,USA,Choco Coated Almonds,2022-01-04,14525,92,2022,1,1,January,Tuesday,winter
Marney O'Breen,Australia,Baker's Choco Chips,2022-01-13,5810,101,2022,1,1,January,Thursday,winter
Wilone O'Kielt,New Zealand,Fruit & Nut Bars,2022-07-11,6426,98,2022,3,7,July,Monday,summer
Kaine Padly,Australia,Mint Chip Choco,2022-05-17,4403,159,2022,2,5,May,Tuesday,spring
Camilla Castle,New Zealand,Peanut Butter Cubes,2022-07-21,1582,62,2022,3,7,July,Thursday,summer
Curtice Advani,Canada,Organic Choco Syrup,2022-02-22,791,22,2022,1,2,February,Tuesday,winter
Jan Morforth,India,99% Dark & Pure,2022-05-23,9100,187,2022,2,5,May,Monday,spring
Rafaelita Blaksland,Canada,Drinking Coco,2022-07-12,9884,200,2022,3,7,July,Tuesday,summer
Jan Morforth,UK,Orange Choco,2022-06-15,3780,201,2022,2,6,June,Wednesday,summer
Barr Faughny,New Zealand,50% Dark Bites,2022-06-23,4557,308,2022,2,6,June,Thursday,summer
Curtice Advani,Australia,Eclairs,2022-03-25,5796,55,2022,1,3,March,Friday,spring
Jan Morforth,India,Caramel Stuffed Bars,2022-07-04,84,153,2022,3,7,July,Monday,summer
Andria Kimpton,UK,White Choc,2022-05-12,9037,101,2022,2,5,May,Thursday,spring
Camilla Castle,New Zealand,Raspberry Choco,2022-04-04,4746,137,2022,2,4,April,Monday,spring
Madelene Upcott,Australia,Orange Choco,2022-04-15,6713,398,2022,2,4,April,Friday,spring
Roddy Speechley,Canada,Eclairs,2022-03-08,6237,88,2022,1,3,March,Tuesday,spring
Karlen McCaffrey,India,White Choc,2022-01-17,7483,232,2022,1,1,January,Monday,winter
Wilone O'Kielt,India,Mint Chip Choco,2022-08-22,1309,51,2022,3,8,August,Monday,summer
Andria Kimpton,UK,99% Dark & Pure,2022-07-25,1155,66,2022,3,7,July,Monday,summer
Marney O'Breen,UK,50% Dark Bites,2022-06-14,2989,124,2022,2,6,June,Tuesday,summer
Ches Bonnell,India,Choco Coated Almonds,2022-04-05,9625,78,2022,2,4,April,Tuesday,spring
Madelene Upcott,UK,Raspberry Choco,2022-08-26,7357,341,2022,3,8,August,Friday,summer
Wilone O'Kielt,Australia,50% Dark Bites,2022-08-03,10031,114,2022,3,8,August,Wednesday,summer
Gigi Bohling,Canada,White Choc,2022-07-11,6587,4,2022,3,7,July,Monday,summer
Wilone O'Kielt,New Zealand,Eclairs,2022-03-11,3311,22,2022,1,3,March,Friday,spring
Brien Boise,UK,Peanut Butter Cubes,2022-01-10,15330,30,2022,1,1,January,Monday,winter
Roddy Speechley,UK,Baker's Choco Chips,2022-04-04,14028,351,2022,2,4,April,Monday,spring
Karlen McCaffrey,Australia,50% Dark Bites,2022-01-17,6678,708,2022,1,1,January,Monday,winter
Marney O'Breen,New Zealand,Organic Choco Syrup,2022-07-08,8624,50,2022,3,7,July,Friday,summer
Jan Morforth,UK,Organic Choco Syrup,2022-04-12,1197,356,2022,2,4,April,Tuesday,spring
Rafaelita Blaksland,Canada,Fruit & Nut Bars,2022-08-24,483,185,2022,3,8,August,Wednesday,summer
Ches Bonnell,UK,Choco Coated Almonds,2022-06-07,1687,236,2022,2,6,June,Tuesday,summer
Gunar Cockshoot,Canada,Almond Choco,2022-07-28,1309,30,2022,3,7,July,Thursday,summer
Husein Augar,USA,99% Dark & Pure,2022-02-21,9534,111,2022,1,2,February,Monday,winter
Dennison Crosswaite,Canada,Mint Chip Choco,2022-04-08,1694,289,2022,2,4,April,Friday,spring
Brien Boise,UK,Manuka Honey Choco,2022-06-28,70,103,2022,2,6,June,Tuesday,summer
Van Tuxwell,UK,Baker's Choco Chips,2022-03-24,2443,20,2022,1,3,March,Thursday,spring
Barr Faughny,Australia,Caramel Stuffed Bars,2022-07-29,2933,55,2022,3,7,July,Friday,summer
Dennison Crosswaite,USA,Eclairs,2022-05-25,2044,90,2022,2,5,May,Wednesday,spring
Gigi Bohling,Australia,Raspberry Choco,2022-03-30,6524,303,2022,1,3,March,Wednesday,spring
Dennison Crosswaite,USA,Organic Choco Syrup,2022-07-18,12656,126,2022,3,7,July,Monday,summer
Beverie Moffet,Canada,Orange Choco,2022-05-10,8722,109,2022,2,5,May,Tuesday,spring
Mallorie Waber,Australia,Choco Coated Almonds,2022-03-18,15750,92,2022,1,3,March,Friday,spring
Ches Bonnell,India,Caramel Stuffed Bars,2022-06-15,6839,56,2022,2,6,June,Wednesday,summer
Van Tuxwell,Canada,50% Dark Bites,2022-05-12,13685,58,2022,2,5,May,Thursday,spring
Kelci Walkden,New Zealand,Baker's Choco Chips,2022-06-23,2912,110,2022,2,6,June,Thursday,summer
Beverie Moffet,India,Spicy Special Slims,2022-04-21,3339,171,2022,2,4,April,Thursday,spring
Gigi Bohling,Australia,Almond Choco,2022-08-17,910,117,2022,3,8,August,Wednesday,summer
Rafaelita Blaksland,New Zealand,Eclairs,2022-02-07,19481,51,2022,1,2,February,Monday,winter
Kelci Walkden,Canada,Smooth Sliky Salty,2022-03-17,8099,118,2022,1,3,March,Thursday,spring
Jan Morforth,India,Baker's Choco Chips,2022-08-01,13727,79,2022,3,8,August,Monday,summer
Jehu Rudeforth,Australia,Milk Bars,2022-03-18,8659,29,2022,1,3,March,Friday,spring
Gigi Bohling,Canada,Fruit & Nut Bars,2022-06-14,5782,103,2022,2,6,June,Tuesday,summer
Beverie Moffet,UK,Eclairs,2022-04-22,8463,155,2022,2,4,April,Friday,spring
Marney O'Breen,New Zealand,Eclairs,2022-01-18,4914,31,2022,1,1,January,Tuesday,winter
Husein Augar,Australia,99% Dark & Pure,2022-08-26,3087,128,2022,3,8,August,Friday,summer
Gunar Cockshoot,New Zealand,Fruit & Nut Bars,2022-06-10,9205,419,2022,2,6,June,Friday,summer
Curtice Advani,Canada,70% Dark Bites,2022-01-31,2303,7,2022,1,1,January,Monday,winter
Kelci Walkden,New Zealand,Manuka Honey Choco,2022-04-08,1358,106,2022,2,4,April,Friday,spring
Dotty Strutley,Australia,Baker's Choco Chips,2022-06-07,3605,68,2022,2,6,June,Tuesday,summer
Barr Faughny,Australia,85% Dark Bars,2022-02-10,8498,44,2022,1,2,February,Thursday,winter
Beverie Moffet,Australia,50% Dark Bites,2022-05-16,700,457,2022,2,5,May,Monday,spring
Gunar Cockshoot,India,Baker's Choco Chips,2022-03-18,2191,524,2022,1,3,March,Friday,spring
Van Tuxwell,Australia,50% Dark Bites,2022-07-13,644,137,2022,3,7,July,Wednesday,summer
Oby Sorrel,USA,Manuka Honey Choco,2022-07-25,4340,86,2022,3,7,July,Monday,summer
Van Tuxwell,Canada,Choco Coated Almonds,2022-08-19,2282,296,2022,3,8,August,Friday,summer
Karlen McCaffrey,Canada,70% Dark Bites,2022-06-24,7714,597,2022,2,6,June,Friday,summer
Kelci Walkden,Canada,Fruit & Nut Bars,2022-06-20,826,149,2022,2,6,June,Monday,summer
Camilla Castle,India,99% Dark & Pure,2022-08-02,203,207,2022,3,8,August,Tuesday,summer
Madelene Upcott,New Zealand,70% Dark Bites,2022-02-22,13356,93,2022,1,2,February,Tuesday,winter
Mallorie Waber,New Zealand,Orange Choco,2022-02-01,6510,23,2022,1,2,February,Tuesday,winter
Jan Morforth,Canada,70% Dark Bites,2022-02-14,5894,305,2022,1,2,February,Monday,winter
Kelci Walkden,Australia,Milk Bars,2022-02-24,7910,125,2022,1,2,February,Thursday,winter
Dennison Crosswaite,India,Orange Choco,2022-03-18,784,129,2022,1,3,March,Friday,spring
Husein Augar,UK,Eclairs,2022-08-30,1750,252,2022,3,8,August,Tuesday,summer
Gigi Bohling,USA,Peanut Butter Cubes,2022-05-09,280,75,2022,2,5,May,Monday,spring
Wilone O'Kielt,USA,Smooth Sliky Salty,2022-01-18,504,87,2022,1,1,January,Tuesday,winter
Curtice Advani,India,White Choc,2022-07-04,7154,342,2022,3,7,July,Monday,summer
Oby Sorrel,New Zealand,Spicy Special Slims,2022-06-03,1617,13,2022,2,6,June,Friday,summer
Beverie Moffet,New Zealand,Peanut Butter Cubes,2022-02-23,10822,30,2022,1,2,February,Wednesday,winter
Dotty Strutley,New Zealand,99% Dark & Pure,2022-05-09,10724,203,2022,2,5,May,Monday,spring
Kelci Walkden,India,70% Dark Bites,2022-06-06,3640,106,2022,2,6,June,Monday,summer
Kelci Walkden,India,Drinking Coco,2022-07-04,7532,234,2022,3,7,July,Monday,summer
Brien Boise,New Zealand,Drinking Coco,2022-06-06,1582,100,2022,2,6,June,Monday,summer
Dotty Strutley,Australia,Almond Choco,2022-05-13,1456,91,2022,2,5,May,Friday,spring
Wilone O'Kielt,New Zealand,Organic Choco Syrup,2022-01-31,2016,277,2022,1,1,January,Monday,winter
Ches Bonnell,New Zealand,Caramel Stuffed Bars,2022-06-30,7588,42,2022,2,6,June,Thursday,summer
Barr Faughny,Canada,Manuka Honey Choco,2022-08-25,3402,249,2022,3,8,August,Thursday,summer
Gigi Bohling,New Zealand,Smooth Sliky Salty,2022-01-10,700,97,2022,1,1,January,Monday,winter
Brien Boise,USA,Manuka Honey Choco,2022-08-22,1904,8,2022,3,8,August,Monday,summer
Roddy Speechley,New Zealand,85% Dark Bars,2022-04-14,4844,275,2022,2,4,April,Thursday,spring
Oby Sorrel,UK,Smooth Sliky Salty,2022-05-31,9625,313,2022,2,5,May,Tuesday,spring
Oby Sorrel,UK,Raspberry Choco,2022-04-08,4599,323,2022,2,4,April,Friday,spring
Roddy Speechley,USA,Drinking Coco,2022-02-21,3003,155,2022,1,2,February,Monday,winter
Andria Kimpton,Australia,Manuka Honey Choco,2022-03-30,9744,377,2022,1,3,March,Wednesday,spring
Mallorie Waber,India,Raspberry Choco,2022-03-02,1400,2,2022,1,3,March,Wednesday,spring
Jehu Rudeforth,USA,Orange Choco,2022-07-28,364,170,2022,3,7,July,Thursday,summer
Kaine Padly,New Zealand,70% Dark Bites,2022-03-24,7231,38,2022,1,3,March,Thursday,spring
Curtice Advani,Australia,After Nines,2022-08-11,63,105,2022,3,8,August,Thursday,summer
Husein Augar,UK,Almond Choco,2022-05-17,8309,166,2022,2,5,May,Tuesday,spring
Kaine Padly,Canada,Choco Coated Almonds,2022-05-18,3164,164,2022,2,5,May,Wednesday,spring
Roddy Speechley,UK,Peanut Butter Cubes,2022-08-17,5691,171,2022,3,8,August,Wednesday,summer
Ches Bonnell,New Zealand,Eclairs,2022-04-04,490,49,2022,2,4,April,Monday,spring
Brien Boise,India,85% Dark Bars,2022-08-09,18032,205,2022,3,8,August,Tuesday,summer
Brien Boise,New Zealand,Organic Choco Syrup,2022-01-17,637,313,2022,1,1,January,Monday,winter
Andria Kimpton,Canada,White Choc,2022-02-14,4067,29,2022,1,2,February,Monday,winter
Gigi Bohling,New Zealand,Orange Choco,2022-05-16,8204,307,2022,2,5,May,Monday,spring
Ches Bonnell,Canada,Smooth Sliky Salty,2022-03-16,9870,121,2022,1,3,March,Wednesday,spring
Husein Augar,Canada,70% Dark Bites,2022-01-31,5131,285,2022,1,1,January,Monday,winter
Barr Faughny,Canada,Organic Choco Syrup,2022-03-10,1141,205,2022,1,3,March,Thursday,spring
Oby Sorrel,UK,Organic Choco Syrup,2022-06-30,7980,157,2022,2,6,June,Thursday,summer
Van Tuxwell,New Zealand,Eclairs,2022-03-01,5229,182,2022,1,3,March,Tuesday,spring
Mallorie Waber,UK,Drinking Coco,2022-05-27,3423,100,2022,2,5,May,Friday,spring
Oby Sorrel,UK,Milk Bars,2022-07-11,6468,223,2022,3,7,July,Monday,summer
Karlen McCaffrey,New Zealand,Mint Chip Choco,2022-03-02,4326,61,2022,1,3,March,Wednesday,spring
Jehu Rudeforth,USA,Raspberry Choco,2022-03-04,7154,133,2022,1,3,March,Friday,spring
Kelci Walkden,UK,85% Dark Bars,2022-06-23,3997,228,2022,2,6,June,Thursday,summer
Kelci Walkden,USA,Almond Choco,2022-01-27,5180,233,2022,1,1,January,Thursday,winter
Marney O'Breen,Canada,Orange Choco,2022-01-14,2723,425,2022,1,1,January,Friday,winter
Dennison Crosswaite,India,Fruit & Nut Bars,2022-07-29,952,24,2022,3,7,July,Friday,summer
Brien Boise,Canada,Smooth Sliky Salty,2022-05-13,5691,495,2022,2,5,May,Friday,spring
Barr Faughny,Canada,Baker's Choco Chips,2022-02-03,10969,170,2022,1,2,February,Thursday,winter
Brien Boise,India,Smooth Sliky Salty,2022-05-27,5964,26,2022,2,5,May,Friday,spring
Jan Morforth,Australia,Drinking Coco,2022-02-18,2821,24,2022,1,2,February,Friday,winter
Brien Boise,India,Spicy Special Slims,2022-01-28,1302,33,2022,1,1,January,Friday,winter
Van Tuxwell,UK,Eclairs,2022-06-29,5474,109,2022,2,6,June,Wednesday,summer
Wilone O'Kielt,India,Caramel Stuffed Bars,2022-01-13,4179,276,2022,1,1,January,Thursday,winter
Jehu Rudeforth,UK,After Nines,2022-06-27,1946,164,2022,2,6,June,Monday,summer
Barr Faughny,Canada,White Choc,2022-03-29,4291,1,2022,1,3,March,Tuesday,spring
Gunar Cockshoot,India,Organic Choco Syrup,2022-06-03,7196,160,2022,2,6,June,Friday,summer
Mallorie Waber,Canada,Smooth Sliky Salty,2022-03-21,1939,98,2022,1,3,March,Monday,spring
Mallorie Waber,India,Eclairs,2022-04-12,10437,46,2022,2,4,April,Tuesday,spring
Rafaelita Blaksland,Australia,Raspberry Choco,2022-01-19,6916,259,2022,1,1,January,Wednesday,winter
Karlen McCaffrey,UK,50% Dark Bites,2022-04-06,3647,310,2022,2,4,April,Wednesday,spring
Kaine Padly,Australia,50% Dark Bites,2022-08-02,8995,78,2022,3,8,August,Tuesday,summer
Gigi Bohling,Australia,Eclairs,2022-04-12,7252,136,2022,2,4,April,Tuesday,spring
Oby Sorrel,India,Drinking Coco,2022-07-21,16380,130,2022,3,7,July,Thursday,summer
Van Tuxwell,New Zealand,Baker's Choco Chips,2022-03-22,9660,24,2022,1,3,March,Tuesday,spring
Husein Augar,India,Peanut Butter Cubes,2022-05-09,4522,5,2022,2,5,May,Monday,spring
Andria Kimpton,Australia,Baker's Choco Chips,2022-08-09,329,109,2022,3,8,August,Tuesday,summer
Madelene Upcott,Canada,Choco Coated Almonds,2022-07-20,3458,294,2022,3,7,July,Wednesday,summer
Brien Boise,India,70% Dark Bites,2022-04-14,4641,413,2022,2,4,April,Thursday,spring
Jehu Rudeforth,Canada,White Choc,2022-01-25,4627,136,2022,1,1,January,Tuesday,winter
Andria Kimpton,Australia,Almond Choco,2022-04-25,3192,175,2022,2,4,April,Monday,spring
Dotty Strutley,Canada,After Nines,2022-01-17,252,237,2022,1,1,January,Monday,winter
Karlen McCaffrey,USA,Eclairs,2022-08-15,868,125,2022,3,8,August,Monday,summer
Karlen McCaffrey,Canada,Fruit & Nut Bars,2022-06-02,210,16,2022,2,6,June,Thursday,summer
Gunar Cockshoot,USA,85% Dark Bars,2022-06-30,7007,135,2022,2,6,June,Thursday,summer
Dotty Strutley,New Zealand,Raspberry Choco,2022-02-10,5845,91,2022,1,2,February,Thursday,winter
Marney O'Breen,Canada,Caramel Stuffed Bars,2022-02-23,1372,614,2022,1,2,February,Wednesday,winter
Dennison Crosswaite,India,Organic Choco Syrup,2022-01-27,8428,216,2022,1,1,January,Thursday,winter
Camilla Castle,UK,Mint Chip Choco,2022-05-26,4977,317,2022,2,5,May,Thursday,spring
Brien Boise,USA,70% Dark Bites,2022-04-14,1694,21,2022,2,4,April,Thursday,spring
Madelene Upcott,Australia,99% Dark & Pure,2022-08-01,4326,154,2022,3,8,August,Monday,summer
Mallorie Waber,Australia,Eclairs,2022-08-22,9527,222,2022,3,8,August,Monday,summer
Marney O'Breen,India,99% Dark & Pure,2022-07-22,10766,157,2022,3,7,July,Friday,summer
Husein Augar,USA,Fruit & Nut Bars,2022-04-28,1288,27,2022,2,4,April,Thursday,spring
Kelci Walkden,Australia,Almond Choco,2022-05-30,4879,350,2022,2,5,May,Monday,spring
Ches Bonnell,USA,Milk Bars,2022-07-21,2408,157,2022,3,7,July,Thursday,summer
Jan Morforth,UK,Caramel Stuffed Bars,2022-08-02,3094,468,2022,3,8,August,Tuesday,summer
Brien Boise,New Zealand,70% Dark Bites,2022-06-15,7231,130,2022,2,6,June,Wednesday,summer
Oby Sorrel,India,85% Dark Bars,2022-07-05,8981,130,2022,3,7,July,Tuesday,summer
Kaine Padly,New Zealand,Smooth Sliky Salty,2022-04-12,7,518,2022,2,4,April,Tuesday,spring
Gigi Bohling,Australia,70% Dark Bites,2022-08-18,1372,105,2022,3,8,August,Thursday,summer
Jan Morforth,UK,50% Dark Bites,2022-01-12,5250,293,2022,1,1,January,Wednesday,winter
Gunar Cockshoot,Canada,White Choc,2022-08-11,7560,15,2022,3,8,August,Thursday,summer
Jehu Rudeforth,Australia,Spicy Special Slims,2022-01-13,5012,384,2022,1,1,January,Thursday,winter
Husein Augar,UK,Baker's Choco Chips,2022-04-29,3038,135,2022,2,4,April,Friday,spring
Rafaelita Blaksland,New Zealand,After Nines,2022-07-07,1099,92,2022,3,7,July,Thursday,summer
Madelene Upcott,New Zealand,Mint Chip Choco,2022-03-11,7413,4,2022,1,3,March,Friday,spring
Madelene Upcott,UK,70% Dark Bites,2022-02-16,5397,239,2022,1,2,February,Wednesday,winter
Barr Faughny,Australia,Organic Choco Syrup,2022-01-07,2303,33,2022,1,1,January,Friday,winter
Beverie Moffet,New Zealand,Drinking Coco,2022-01-12,1141,518,2022,1,1,January,Wednesday,winter
Beverie Moffet,India,Eclairs,2022-06-09,10325,147,2022,2,6,June,Thursday,summer
Andria Kimpton,India,Eclairs,2022-05-16,2149,84,2022,2,5,May,Monday,spring
Gigi Bohling,UK,85% Dark Bars,2022-06-23,12362,94,2022,2,6,June,Thursday,summer
Roddy Speechley,UK,Raspberry Choco,2022-01-28,12635,194,2022,1,1,January,Friday,winter
Dotty Strutley,UK,Mint Chip Choco,2022-07-14,2443,216,2022,3,7,July,Thursday,summer
Barr Faughny,Canada,Drinking Coco,2022-04-18,6237,247,2022,2,4,April,Monday,spring
Oby Sorrel,USA,Milk Bars,2022-06-14,1736,79,2022,2,6,June,Tuesday,summer
Oby Sorrel,UK,Orange Choco,2022-04-15,7315,237,2022,2,4,April,Friday,spring
Curtice Advani,Canada,Peanut Butter Cubes,2022-05-19,4935,63,2022,2,5,May,Thursday,spring
Gigi Bohling,India,White Choc,2022-04-13,1393,172,2022,2,4,April,Wednesday,spring
Husein Augar,Canada,Choco Coated Almonds,2022-08-15,3381,408,2022,3,8,August,Monday,summer
Wilone O'Kielt,India,Choco Coated Almonds,2022-08-22,2933,233,2022,3,8,August,Monday,summer
Wilone O'Kielt,New Zealand,Baker's Choco Chips,2022-04-22,3836,59,2022,2,4,April,Friday,spring
Kaine Padly,UK,Choco Coated Almonds,2022-08-03,8022,123,2022,3,8,August,Wednesday,summer
Dennison Crosswaite,New Zealand,Organic Choco Syrup,2022-01-04,371,229,2022,1,1,January,Tuesday,winter
Kelci Walkden,Canada,After Nines,2022-01-13,16702,198,2022,1,1,January,Thursday,winter
Van Tuxwell,Australia,Baker's Choco Chips,2022-05-11,13258,32,2022,2,5,May,Wednesday,spring
Husein Augar,New Zealand,Peanut Butter Cubes,2022-02-16,2058,236,2022,1,2,February,Wednesday,winter
Kaine Padly,UK,Caramel Stuffed Bars,2022-05-20,10192,67,2022,2,5,May,Friday,spring
Jehu Rudeforth,UK,Drinking Coco,2022-02-03,7140,438,2022,1,2,February,Thursday,winter
Beverie Moffet,India,Manuka Honey Choco,2022-05-06,9835,167,2022,2,5,May,Friday,spring
Gunar Cockshoot,UK,Choco Coated Almonds,2022-06-30,5775,135,2022,2,6,June,Thursday,summer
Gunar Cockshoot,UK,Smooth Sliky Salty,2022-03-22,749,148,2022,1,3,March,Tuesday,spring
Camilla Castle,Canada,Orange Choco,2022-02-17,7770,54,2022,1,2,February,Thursday,winter
Jehu Rudeforth,UK,85% Dark Bars,2022-07-07,5502,64,2022,3,7,July,Thursday,summer
Oby Sorrel,UK,70% Dark Bites,2022-03-16,6223,181,2022,1,3,March,Wednesday,spring
Kelci Walkden,UK,99% Dark & Pure,2022-08-12,3507,114,2022,3,8,August,Friday,summer
Gigi Bohling,New Zealand,After Nines,2022-01-21,5600,181,2022,1,1,January,Friday,winter
Oby Sorrel,Australia,50% Dark Bites,2022-05-06,721,151,2022,2,5,May,Friday,spring
Oby Sorrel,Canada,50% Dark Bites,2022-06-24,6615,137,2022,2,6,June,Friday,summer
Barr Faughny,USA,White Choc,2022-05-05,7420,163,2022,2,5,May,Thursday,spring
Rafaelita Blaksland,New Zealand,99% Dark & Pure,2022-03-25,3164,84,2022,1,3,March,Friday,spring
Curtice Advani,Australia,Caramel Stuffed Bars,2022-02-14,9114,140,2022,1,2,February,Monday,winter
Curtice Advani,New Zealand,85% Dark Bars,2022-05-12,5404,187,2022,2,5,May,Thursday,spring
Barr Faughny,New Zealand,Smooth Sliky Salty,2022-01-25,3990,169,2022,1,1,January,Tuesday,winter
Ches Bonnell,UK,85% Dark Bars,2022-06-28,14924,12,2022,2,6,June,Tuesday,summer
Dennison Crosswaite,Australia,Drinking Coco,2022-07-13,7091,194,2022,3,7,July,Wednesday,summer
Roddy Speechley,USA,Milk Bars,2022-05-16,2807,252,2022,2,5,May,Monday,spring
Jan Morforth,India,After Nines,2022-03-14,6496,168,2022,1,3,March,Monday,spring
Gunar Cockshoot,USA,After Nines,2022-08-15,3738,261,2022,3,8,August,Monday,summer
Ches Bonnell,India,Orange Choco,2022-02-16,1190,256,2022,1,2,February,Wednesday,winter
Mallorie Waber,UK,Manuka Honey Choco,2022-06-15,8379,43,2022,2,6,June,Wednesday,summer
Barr Faughny,Australia,Raspberry Choco,2022-05-27,9268,100,2022,2,5,May,Friday,spring
Wilone O'Kielt,USA,Drinking Coco,2022-06-14,1029,98,2022,2,6,June,Tuesday,summer
Wilone O'Kielt,India,Eclairs,2022-02-25,3549,76,2022,1,2,February,Friday,winter
Wilone O'Kielt,India,After Nines,2022-08-04,12026,262,2022,3,8,August,Thursday,summer
Kelci Walkden,India,99% Dark & Pure,2022-06-28,2303,244,2022,2,6,June,Tuesday,summer
Gunar Cockshoot,Canada,Spicy Special Slims,2022-04-05,13405,12,2022,2,4,April,Tuesday,spring
Madelene Upcott,Canada,Peanut Butter Cubes,2022-07-05,14763,113,2022,3,7,July,Tuesday,summer
Kaine Padly,New Zealand,Eclairs,2022-01-20,12894,48,2022,1,1,January,Thursday,winter
Ches Bonnell,New Zealand,Drinking Coco,2022-02-16,8302,131,2022,1,2,February,Wednesday,winter
Curtice Advani,UK,Drinking Coco,2022-07-12,455,174,2022,3,7,July,Tuesday,summer
Kelci Walkden,India,Raspberry Choco,2022-06-16,8183,254,2022,2,6,June,Thursday,summer
Dotty Strutley,Australia,Choco Coated Almonds,2022-04-13,1645,284,2022,2,4,April,Wednesday,spring
Kaine Padly,UK,50% Dark Bites,2022-02-21,3143,67,2022,1,2,February,Monday,winter
Roddy Speechley,Canada,Choco Coated Almonds,2022-05-11,5873,249,2022,2,5,May,Wednesday,spring
Ches Bonnell,India,50% Dark Bites,2022-04-15,11298,313,2022,2,4,April,Friday,spring
Oby Sorrel,Canada,Peanut Butter Cubes,2022-06-07,12425,167,2022,2,6,June,Tuesday,summer
Oby Sorrel,UK,White Choc,2022-06-27,1715,286,2022,2,6,June,Monday,summer
Barr Faughny,India,After Nines,2022-07-29,8190,109,2022,3,7,July,Friday,summer
Wilone O'Kielt,Canada,Smooth Sliky Salty,2022-06-02,4991,166,2022,2,6,June,Thursday,summer
Rafaelita Blaksland,India,Mint Chip Choco,2022-01-26,15491,85,2022,1,1,January,Wednesday,winter
Rafaelita Blaksland,Canada,99% Dark & Pure,2022-03-02,5096,142,2022,1,3,March,Wednesday,spring
Van Tuxwell,Australia,70% Dark Bites,2022-01-10,7063,104,2022,1,1,January,Monday,winter
Beverie Moffet,USA,70% Dark Bites,2022-06-27,2275,115,2022,2,6,June,Monday,summer
Barr Faughny,Canada,Orange Choco,2022-06-30,7602,18,2022,2,6,June,Thursday,summer
Roddy Speechley,Australia,85% Dark Bars,2022-07-08,4200,80,2022,3,7,July,Friday,summer
Oby Sorrel,India,Spicy Special Slims,2022-06-08,11137,88,2022,2,6,June,Wednesday,summer
Jan Morforth,UK,Manuka Honey Choco,2022-08-18,3388,212,2022,3,8,August,Thursday,summer
Kaine Padly,Australia,After Nines,2022-04-08,6832,306,2022,2,4,April,Friday,spring
Wilone O'Kielt,Canada,Fruit & Nut Bars,2022-08-08,3437,181,2022,3,8,August,Monday,summer
Wilone O'Kielt,UK,Milk Bars,2022-08-26,301,65,2022,3,8,August,Friday,summer
Oby Sorrel,Canada,Fruit & Nut Bars,2022-01-14,1869,158,2022,1,1,January,Friday,winter
Dennison Crosswaite,USA,Baker's Choco Chips,2022-08-11,17465,271,2022,3,8,August,Thursday,summer
Madelene Upcott,USA,Almond Choco,2022-05-31,10143,24,2022,2,5,May,Tuesday,spring
Van Tuxwell,New Zealand,50% Dark Bites,2022-07-11,3626,10,2022,3,7,July,Monday,summer
Karlen McCaffrey,Canada,Caramel Stuffed Bars,2022-03-02,3346,304,2022,1,3,March,Wednesday,spring
Madelene Upcott,Australia,Raspberry Choco,2022-07-13,6321,88,2022,3,7,July,Wednesday,summer
Rafaelita Blaksland,UK,Spicy Special Slims,2022-08-03,9345,133,2022,3,8,August,Wednesday,summer
Curtice Advani,UK,Peanut Butter Cubes,2022-03-01,15008,165,2022,1,3,March,Tuesday,spring
Kelci Walkden,New Zealand,White Choc,2022-04-13,7609,150,2022,2,4,April,Wednesday,spring
Beverie Moffet,Canada,Fruit & Nut Bars,2022-02-14,10332,180,2022,1,2,February,Monday,winter
Mallorie Waber,India,White Choc,2022-07-26,819,213,2022,3,7,July,Tuesday,summer
Brien Boise,UK,Drinking Coco,2022-01-27,5754,133,2022,1,1,January,Thursday,winter
Jehu Rudeforth,India,Peanut Butter Cubes,2022-04-14,28,446,2022,2,4,April,Thursday,spring
Oby Sorrel,USA,Almond Choco,2022-05-19,6440,141,2022,2,5,May,Thursday,spring
Husein Augar,India,Eclairs,2022-02-09,4956,58,2022,1,2,February,Wednesday,winter
Brien Boise,UK,Spicy Special Slims,2022-05-25,2352,58,2022,2,5,May,Wednesday,spring
Oby Sorrel,Australia,Manuka Honey Choco,2022-01-26,3906,76,2022,1,1,January,Wednesday,winter
Beverie Moffet,India,White Choc,2022-07-04,1813,296,2022,3,7,July,Monday,summer
Ches Bonnell,India,Almond Choco,2022-04-13,11788,73,2022,2,4,April,Wednesday,spring
Gigi Bohling,Australia,Smooth Sliky Salty,2022-01-25,5768,119,2022,1,1,January,Tuesday,winter
Camilla Castle,USA,85% Dark Bars,2022-04-25,2401,78,2022,2,4,April,Monday,spring
Camilla Castle,USA,Eclairs,2022-06-10,4515,392,2022,2,6,June,Friday,summer
Madelene Upcott,New Zealand,White Choc,2022-08-22,10794,51,2022,3,8,August,Monday,summer
Van Tuxwell,India,After Nines,2022-06-27,13706,207,2022,2,6,June,Monday,summer
Husein Augar,India,Orange Choco,2022-06-30,4361,40,2022,2,6,June,Thursday,summer
Jehu Rudeforth,India,Almond Choco,2022-08-30,10122,100,2022,3,8,August,Tuesday,summer
Karlen McCaffrey,Australia,Raspberry Choco,2022-08-23,994,57,2022,3,8,August,Tuesday,summer
Camilla Castle,New Zealand,99% Dark & Pure,2022-08-26,2268,42,2022,3,8,August,Friday,summer
Gigi Bohling,Australia,Orange Choco,2022-03-09,574,156,2022,1,3,March,Wednesday,spring
Kelci Walkden,UK,Drinking Coco,2022-04-20,1792,23,2022,2,4,April,Wednesday,spring
Mallorie Waber,Canada,Caramel Stuffed Bars,2022-06-10,4844,539,2022,2,6,June,Friday,summer
Husein Augar,Australia,Organic Choco Syrup,2022-02-08,938,158,2022,1,2,February,Tuesday,winter
Brien Boise,Australia,White Choc,2022-08-25,4879,22,2022,3,8,August,Thursday,summer
Dotty Strutley,India,Peanut Butter Cubes,2022-02-16,9107,73,2022,1,2,February,Wednesday,winter
Dennison Crosswaite,UK,99% Dark & Pure,2022-05-30,12187,27,2022,2,5,May,Monday,spring
Gigi Bohling,New Zealand,50% Dark Bites,2022-06-29,5670,64,2022,2,6,June,Wednesday,summer
Gigi Bohling,USA,Milk Bars,2022-06-16,476,133,2022,2,6,June,Thursday,summer
Brien Boise,UK,Caramel Stuffed Bars,2022-03-04,2681,149,2022,1,3,March,Friday,spring
Curtice Advani,New Zealand,Peanut Butter Cubes,2022-03-15,1533,434,2022,1,3,March,Tuesday,spring
Curtice Advani,New Zealand,50% Dark Bites,2022-01-27,9765,85,2022,1,1,January,Thursday,winter
Beverie Moffet,Canada,Drinking Coco,2022-07-05,994,118,2022,3,7,July,Tuesday,summer
Barr Faughny,USA,Caramel Stuffed Bars,2022-03-29,3318,299,2022,1,3,March,Tuesday,spring
Mallorie Waber,Canada,Almond Choco,2022-05-12,4214,35,2022,2,5,May,Thursday,spring
Oby Sorrel,USA,Drinking Coco,2022-03-11,7714,44,2022,1,3,March,Friday,spring
Brien Boise,New Zealand,Eclairs,2022-07-11,4690,299,2022,3,7,July,Monday,summer
Gunar Cockshoot,New Zealand,Choco Coated Almonds,2022-08-01,13062,62,2022,3,8,August,Monday,summer
Gunar Cockshoot,UK,Spicy Special Slims,2022-02-16,12488,200,2022,1,2,February,Wednesday,winter
Curtice Advani,USA,After Nines,2022-04-13,14147,235,2022,2,4,April,Wednesday,spring
Oby Sorrel,India,Choco Coated Almonds,2022-02-14,49,363,2022,1,2,February,Monday,winter
Ches Bonnell,Australia,Peanut Butter Cubes,2022-03-14,10199,68,2022,1,3,March,Monday,spring
Oby Sorrel,Australia,Spicy Special Slims,2022-04-26,11389,26,2022,2,4,April,Tuesday,spring
Jehu Rudeforth,Canada,Manuka Honey Choco,2022-04-05,3584,200,2022,2,4,April,Tuesday,spring
Camilla Castle,Canada,Drinking Coco,2022-03-03,12481,264,2022,1,3,March,Thursday,spring
Kaine Padly,USA,Spicy Special Slims,2022-06-13,2107,175,2022,2,6,June,Monday,summer
Marney O'Breen,New Zealand,70% Dark Bites,2022-02-14,8603,352,2022,1,2,February,Monday,winter
Roddy Speechley,New Zealand,99% Dark & Pure,2022-04-18,7483,183,2022,2,4,April,Monday,spring
Oby Sorrel,New Zealand,85% Dark Bars,2022-02-01,3381,417,2022,1,2,February,Tuesday,winter
Dotty Strutley,New Zealand,Orange Choco,2022-08-04,2030,146,2022,3,8,August,Thursday,summer
Andria Kimpton,New Zealand,Almond Choco,2022-04-05,6559,158,2022,2,4,April,Tuesday,spring
Karlen McCaffrey,Australia,99% Dark & Pure,2022-01-26,10822,168,2022,1,1,January,Wednesday,winter
Kaine Padly,UK,After Nines,2022-01-21,18697,176,2022,1,1,January,Friday,winter
Kaine Padly,Canada,After Nines,2022-08-22,5845,172,2022,3,8,August,Monday,summer
Kaine Padly,UK,Drinking Coco,2022-01-27,2317,224,2022,1,1,January,Thursday,winter
Rafaelita Blaksland,UK,50% Dark Bites,2022-02-16,10150,68,2022,1,2,February,Wednesday,winter
Dotty Strutley,USA,Raspberry Choco,2022-01-03,3437,46,2022,1,1,January,Monday,winter
Karlen McCaffrey,USA,White Choc,2022-08-24,4592,2,2022,3,8,August,Wednesday,summer
Oby Sorrel,USA,Spicy Special Slims,2022-02-07,5691,417,2022,1,2,February,Monday,winter
Mallorie Waber,Australia,Smooth Sliky Salty,2022-02-11,4158,109,2022,1,2,February,Friday,winter
Kaine Padly,Canada,Organic Choco Syrup,2022-03-29,5684,81,2022,1,3,March,Tuesday,spring
Marney O'Breen,USA,Peanut Butter Cubes,2022-06-15,693,350,2022,2,6,June,Wednesday,summer
Dennison Crosswaite,UK,Smooth Sliky Salty,2022-04-26,546,142,2022,2,4,April,Tuesday,spring
Brien Boise,Australia,Organic Choco Syrup,2022-07-15,4263,264,2022,3,7,July,Friday,summer
Beverie Moffet,India,Organic Choco Syrup,2022-06-23,1036,20,2022,2,6,June,Thursday,summer
Dennison Crosswaite,Australia,Baker's Choco Chips,2022-01-11,13846,421,2022,1,1,January,Tuesday,winter
Beverie Moffet,UK,50% Dark Bites,2022-02-09,2499,271,2022,1,2,February,Wednesday,winter
Van Tuxwell,UK,Almond Choco,2022-06-06,10689,204,2022,2,6,June,Monday,summer
Dotty Strutley,UK,Caramel Stuffed Bars,2022-08-10,5768,235,2022,3,8,August,Wednesday,summer
Wilone O'Kielt,Australia,Smooth Sliky Salty,2022-01-04,2226,46,2022,1,1,January,Tuesday,winter
Andria Kimpton,Canada,70% Dark Bites,2022-04-08,10262,15,2022,2,4,April,Friday,spring
Barr Faughny,UK,Milk Bars,2022-03-02,3864,430,2022,1,3,March,Wednesday,spring
Van Tuxwell,Canada,Drinking Coco,2022-06-15,4900,709,2022,2,6,June,Wednesday,summer
Jehu Rudeforth,Australia,After Nines,2022-02-14,5250,47,2022,1,2,February,Monday,winter
Husein Augar,UK,After Nines,2022-07-05,3507,380,2022,3,7,July,Tuesday,summer
Barr Faughny,India,Mint Chip Choco,2022-01-12,7413,465,2022,1,1,January,Wednesday,winter
Curtice Advani,India,Mint Chip Choco,2022-03-03,8155,96,2022,1,3,March,Thursday,spring
Jehu Rudeforth,New Zealand,Milk Bars,2022-05-18,2478,188,2022,2,5,May,Wednesday,spring
Gunar Cockshoot,India,Caramel Stuffed Bars,2022-07-28,2471,202,2022,3,7,July,Thursday,summer
Curtice Advani,UK,Manuka Honey Choco,2022-02-07,1666,106,2022,1,2,February,Monday,winter
Andria Kimpton,India,Orange Choco,2022-05-30,301,421,2022,2,5,May,Monday,spring
Mallorie Waber,Australia,Raspberry Choco,2022-04-25,8400,27,2022,2,4,April,Monday,spring
Beverie Moffet,Canada,85% Dark Bars,2022-02-16,6139,45,2022,1,2,February,Wednesday,winter
Kelci Walkden,Australia,Drinking Coco,2022-05-04,1288,60,2022,2,5,May,Wednesday,spring
Van Tuxwell,Canada,70% Dark Bites,2022-06-02,7077,77,2022,2,6,June,Thursday,summer
Dennison Crosswaite,USA,Caramel Stuffed Bars,2022-07-11,2317,464,2022,3,7,July,Monday,summer
Beverie Moffet,New Zealand,Spicy Special Slims,2022-06-07,63,60,2022,2,6,June,Tuesday,summer
Jan Morforth,UK,Almond Choco,2022-07-06,9744,157,2022,3,7,July,Wednesday,summer
Husein Augar,India,Raspberry Choco,2022-06-15,9954,154,2022,2,6,June,Wednesday,summer
Dotty Strutley,India,Mint Chip Choco,2022-04-14,1260,239,2022,2,4,April,Thursday,spring
Camilla Castle,India,Drinking Coco,2022-08-08,469,163,2022,3,8,August,Monday,summer
Marney O'Breen,UK,Drinking Coco,2022-03-29,973,28,2022,1,3,March,Tuesday,spring
Roddy Speechley,Australia,Organic Choco Syrup,2022-07-04,3647,76,2022,3,7,July,Monday,summer
Ches Bonnell,India,99% Dark & Pure,2022-02-16,455,96,2022,1,2,February,Wednesday,winter
Rafaelita Blaksland,Canada,Spicy Special Slims,2022-05-02,2520,156,2022,2,5,May,Monday,spring
Van Tuxwell,India,Eclairs,2022-07-21,10500,106,2022,3,7,July,Thursday,summer
Gunar Cockshoot,Australia,99% Dark & Pure,2022-08-18,7952,235,2022,3,8,August,Thursday,summer
Kaine Padly,USA,85% Dark Bars,2022-06-22,483,259,2022,2,6,June,Wednesday,summer
Camilla Castle,UK,Peanut Butter Cubes,2022-07-19,4872,126,2022,3,7,July,Tuesday,summer
Madelene Upcott,UK,Peanut Butter Cubes,2022-08-12,7756,85,2022,3,8,August,Friday,summer
Madelene Upcott,USA,Choco Coated Almonds,2022-06-07,5446,132,2022,2,6,June,Tuesday,summer
Marney O'Breen,Canada,Peanut Butter Cubes,2022-03-08,6594,91,2022,1,3,March,Tuesday,spring
Ches Bonnell,Australia,Choco Coated Almonds,2022-04-08,1470,167,2022,2,4,April,Friday,spring
Curtice Advani,Canada,Eclairs,2022-05-06,721,203,2022,2,5,May,Friday,spring
Roddy Speechley,India,Drinking Coco,2022-05-31,4494,11,2022,2,5,May,Tuesday,spring
Van Tuxwell,Australia,Mint Chip Choco,2022-01-13,2674,295,2022,1,1,January,Thursday,winter
Dennison Crosswaite,USA,70% Dark Bites,2022-03-15,658,77,2022,1,3,March,Tuesday,spring
Andria Kimpton,Canada,Peanut Butter Cubes,2022-02-16,1127,319,2022,1,2,February,Wednesday,winter
Gigi Bohling,USA,70% Dark Bites,2022-01-14,7364,196,2022,1,1,January,Friday,winter
Rafaelita Blaksland,Australia,White Choc,2022-03-21,6818,102,2022,1,3,March,Monday,spring
Roddy Speechley,Canada,Drinking Coco,2022-05-17,6776,312,2022,2,5,May,Tuesday,spring
Camilla Castle,New Zealand,85% Dark Bars,2022-08-08,15099,55,2022,3,8,August,Monday,summer
Madelene Upcott,Canada,Milk Bars,2022-04-26,3612,82,2022,2,4,April,Tuesday,spring
Madelene Upcott,Australia,70% Dark Bites,2022-04-15,3710,260,2022,2,4,April,Friday,spring
Oby Sorrel,Canada,Eclairs,2022-05-19,6111,591,2022,2,5,May,Thursday,spring
Dennison Crosswaite,Canada,Drinking Coco,2022-01-10,2702,24,2022,1,1,January,Monday,winter
Mallorie Waber,New Zealand,After Nines,2022-05-04,483,228,2022,2,5,May,Wednesday,spring
Roddy Speechley,Canada,White Choc,2022-04-05,5887,268,2022,2,4,April,Tuesday,spring
Andria Kimpton,India,After Nines,2022-01-17,952,68,2022,1,1,January,Monday,winter
Roddy Speechley,India,Spicy Special Slims,2022-03-22,10647,173,2022,1,3,March,Tuesday,spring
Dotty Strutley,Australia,White Choc,2022-07-05,6055,93,2022,3,7,July,Tuesday,summer
Oby Sorrel,Canada,Orange Choco,2022-04-27,8757,338,2022,2,4,April,Wednesday,spring
Kaine Padly,Canada,Almond Choco,2022-08-12,6055,73,2022,3,8,August,Friday,summer
Jan Morforth,UK,Baker's Choco Chips,2022-03-11,721,251,2022,1,3,March,Friday,spring
Jehu Rudeforth,UK,Fruit & Nut Bars,2022-05-13,8589,229,2022,2,5,May,Friday,spring
Dennison Crosswaite,USA,Smooth Sliky Salty,2022-05-12,11781,91,2022,2,5,May,Thursday,spring
Brien Boise,USA,Raspberry Choco,2022-01-12,672,194,2022,1,1,January,Wednesday,winter
Madelene Upcott,New Zealand,Milk Bars,2022-03-29,12558,403,2022,1,3,March,Tuesday,spring
Roddy Speechley,India,50% Dark Bites,2022-03-14,8337,12,2022,1,3,March,Monday,spring
Barr Faughny,New Zealand,99% Dark & Pure,2022-05-24,8134,195,2022,2,5,May,Tuesday,spring
Dennison Crosswaite,Canada,Organic Choco Syrup,2022-01-28,8491,75,2022,1,1,January,Friday,winter
Beverie Moffet,India,Almond Choco,2022-05-24,3066,96,2022,2,5,May,Tuesday,spring
Brien Boise,Australia,Peanut Butter Cubes,2022-08-19,301,205,2022,3,8,August,Friday,summer
Karlen McCaffrey,Australia,Spicy Special Slims,2022-05-17,4410,323,2022,2,5,May,Tuesday,spring
Jehu Rudeforth,USA,White Choc,2022-06-07,6559,119,2022,2,6,June,Tuesday,summer
Ches Bonnell,Canada,Organic Choco Syrup,2022-07-26,574,217,2022,3,7,July,Tuesday,summer
Dotty Strutley,India,Eclairs,2022-07-28,2086,384,2022,3,7,July,Thursday,summer
Karlen McCaffrey,India,70% Dark Bites,2022-05-23,5075,344,2022,2,5,May,Monday,spring
